,Code,Lat,Long,Feb
0,CA001012710,48.0,-123.0,-0.9
1,CA001012710,48.0,-123.0,0.41
2,CA001014820,49.0,-124.0,0.15
3,CA001014820,49.0,-124.0,0.97
4,CA001015630,49.0,-124.0,0.16
5,CA001015630,49.0,-124.0,1.31
6,CA001017099,49.0,-123.0,0.65
7,CA001017099,49.0,-123.0,1.62
8,CA001017101,49.0,-123.0,0.31
9,CA001017101,49.0,-123.0,1.25
10,CA001017254,48.0,-124.0,-1.21
11,CA001017254,48.0,-124.0,-0.16
12,CA001018598,48.0,-123.0,0.37
13,CA001018598,48.0,-123.0,0.95
14,CA001018611,48.0,-123.0,0.42
15,CA001018611,48.0,-123.0,1.01
16,CA001018621,49.0,-123.0,0.16
17,CA001018621,49.0,-123.0,1.09
18,CA001020590,49.0,-124.0,-0.32
19,CA001020590,49.0,-124.0,0.8
20,CA001020590,49.0,-124.0,1.63
21,CA001021261,50.0,-125.0,-3.26
22,CA001021830,50.0,-125.0,-0.93
23,CA001021830,50.0,-125.0,1.02
24,CA001021830,50.0,-125.0,1.33
25,CA001021988,50.0,-125.0,-0.52
26,CA001022689,49.0,-124.0,0.5
27,CA001022689,49.0,-124.0,1.25
28,CA001022795,50.0,-126.0,-1.8
29,CA001022795,50.0,-126.0,0.28
30,CA001026271,51.0,-127.0,-1.01
31,CA001026271,51.0,-127.0,0.64
32,CA001026562,49.0,-124.0,-0.71
33,CA001026562,49.0,-124.0,0.14
34,CA001030230,49.0,-125.0,-2.93
35,CA001032731,49.0,-127.0,-7.0
36,CA001032731,49.0,-127.0,-0.24
37,CA001035940,49.0,-125.0,-0.59
38,CA001036B06,49.0,-125.0,-0.75
39,CA001036B06,49.0,-125.0,0.42
40,CA001037090,51.0,-129.0,-1.04
41,CA001037090,51.0,-129.0,0.28
42,CA001037553,50.0,-128.0,-1.53
43,CA001037553,50.0,-128.0,0.02
44,CA001038332,49.0,-126.0,-3.16
45,CA001043152,49.0,-124.0,-0.72
46,CA0010459NN,49.0,-123.0,1.31
47,CA0010459NN,49.0,-123.0,1.64
48,CA001046332,50.0,-123.0,1.98
49,CA001046332,50.0,-123.0,4.34
50,CA001046392,50.0,-124.0,1.26
51,CA001046392,50.0,-124.0,1.27
52,CA001047172,49.0,-124.0,-0.61
53,CA001047172,49.0,-124.0,0.48
54,CA0010476F0,50.0,-123.0,-1.9
55,CA0010476F0,50.0,-123.0,0.42
56,CA001054222,53.0,-133.0,0.54
57,CA001054222,53.0,-133.0,2.02
58,CA001054500,54.0,-133.0,-4.62
59,CA001057052,53.0,-132.0,0.65
60,CA001057052,53.0,-132.0,0.86
61,CA001060815,52.0,-128.0,-2.18
62,CA001060815,52.0,-128.0,0.72
63,CA001060902,54.0,-131.0,-0.68
64,CA001060R0K,54.0,-131.0,0.33
65,CA001060R0K,54.0,-131.0,1.27
66,CA001061458,52.0,-127.0,-0.63
67,CA001061458,52.0,-127.0,1.03
68,CA001062251,53.0,-132.0,-2.36
69,CA001062251,53.0,-132.0,-0.06
70,CA001063303,55.0,-131.0,0.96
71,CA001063303,55.0,-131.0,1.01
72,CA001063461,51.0,-128.0,-1.18
73,CA001063461,51.0,-128.0,0.61
74,CA001063496,54.0,-130.0,-1.13
75,CA001063496,54.0,-130.0,0.95
76,CA001064020,54.0,-128.0,-2.3
77,CA001066482,54.0,-130.0,-1.22
78,CA001066482,54.0,-130.0,0.52
79,CA001068130,54.0,-129.0,0.68
80,CA001068130,54.0,-129.0,1.72
81,CA001077499,55.0,-127.0,-2.11
82,CA001077499,55.0,-127.0,0.78
83,CA001085836,54.0,-126.0,-2.83
84,CA001085836,54.0,-126.0,-0.33
85,CA001086082,50.0,-123.0,1.16
86,CA001086082,50.0,-123.0,1.29
87,CA001086558,52.0,-124.0,-2.32
88,CA001086558,52.0,-124.0,0.74
89,CA001088015,52.0,-124.0,-1.11
90,CA001088015,52.0,-124.0,0.72
91,CA001091174,54.0,-126.0,-2.97
92,CA001091174,54.0,-126.0,0.1
93,CA001092975,54.0,-124.0,-3.94
94,CA001092975,54.0,-124.0,0.72
95,CA001096453,54.0,-123.0,-3.05
96,CA001096453,54.0,-123.0,0.4
97,CA001096631,53.0,-123.0,-0.7
98,CA001096631,53.0,-123.0,1.15
99,CA001098941,52.0,-122.0,-2.35
100,CA001098941,52.0,-122.0,0.02
101,CA001100031,49.0,-122.0,-0.66
102,CA001100031,49.0,-122.0,0.3
103,CA001100119,49.0,-122.0,-0.9
104,CA001100119,49.0,-122.0,0.41
105,CA001100875,50.0,-123.0,1.47
106,CA001100875,50.0,-123.0,1.49
107,CA001101300,50.0,-123.0,2.74
108,CA001101300,50.0,-123.0,3.26
109,CA001102415,49.0,-123.0,0.49
110,CA001102415,49.0,-123.0,1.06
111,CA001102425,49.0,-123.0,2.56
112,CA001106178,49.0,-123.0,-0.91
113,CA001106178,49.0,-123.0,0.33
114,CA001108395,49.0,-123.0,0.53
115,CA001108395,49.0,-123.0,0.97
116,CA001108446,49.0,-123.0,-1.36
117,CA001108446,49.0,-123.0,-0.65
118,CA001108446,49.0,-123.0,0.26
119,CA001108824,49.0,-123.0,0.52
120,CA001108824,49.0,-123.0,0.99
121,CA001108910,49.0,-123.0,0.44
122,CA001108910,49.0,-123.0,0.92
123,CA001113542,49.0,-122.0,-1.09
124,CA001113542,49.0,-122.0,0.28
125,CA001114619,51.0,-122.0,-0.94
126,CA001114619,51.0,-122.0,-0.22
127,CA001114746,50.0,-122.0,-0.82
128,CA001114746,50.0,-122.0,-0.05
129,CA001123939,50.0,-119.0,-4.57
130,CA001123939,50.0,-119.0,-0.26
131,CA001123996,50.0,-119.0,-4.44
132,CA001123996,50.0,-119.0,1.18
133,CA001125073,50.0,-121.0,0.53
134,CA001125073,50.0,-121.0,1.58
135,CA001125852,49.0,-119.0,-1.51
136,CA001125852,49.0,-119.0,-0.26
137,CA001126146,49.0,-120.0,-1.49
138,CA001126146,49.0,-120.0,1.84
139,CA001128582,50.0,-119.0,2.15
140,CA001128582,50.0,-119.0,3.07
141,CA00112FN0M,49.0,-121.0,-1.56
142,CA00112FN0M,49.0,-121.0,-0.11
143,CA00112G8L1,50.0,-120.0,0.99
144,CA00112G8L1,50.0,-120.0,1.98
145,CA001142574,50.0,-117.0,-2.46
146,CA001145297,50.0,-118.0,0.81
147,CA001145297,50.0,-118.0,1.25
148,CA001145460,50.0,-117.0,-4.55
149,CA001145M29,49.0,-117.0,1.25
150,CA001145M29,49.0,-117.0,1.32
151,CA001148705,49.0,-118.0,1.67
152,CA001148705,49.0,-118.0,1.73
153,CA00114B1F0,49.0,-117.0,0.66
154,CA00114B1F0,49.0,-117.0,0.86
155,CA001152105,50.0,-116.0,-2.77
156,CA001152105,50.0,-116.0,-0.17
157,CA001152850,49.0,-115.0,-1.54
158,CA001157631,50.0,-115.0,-0.74
159,CA001157631,50.0,-115.0,0.74
160,CA001160515,51.0,-121.0,-1.24
161,CA001160515,51.0,-121.0,1.42
162,CA001160899,52.0,-119.0,-2.66
163,CA001160H99,52.0,-119.0,1.91
164,CA001160H99,52.0,-119.0,2.09
165,CA001161662,51.0,-122.0,-2.73
166,CA001161662,51.0,-122.0,0.51
167,CA001161663,51.0,-122.0,-1.76
168,CA001161663,51.0,-122.0,-0.03
169,CA001163842,51.0,-120.0,-1.53
170,CA001163842,51.0,-120.0,2.82
171,CA001168520,52.0,-120.0,-3.3
172,CA00116FRMN,51.0,-119.0,-1.22
173,CA00116FRMN,51.0,-119.0,2.13
174,CA001173210,51.0,-117.0,-5.72
175,CA001175122,52.0,-119.0,-5.8
176,CA001176745,51.0,-118.0,1.6
177,CA001176745,51.0,-118.0,1.92
178,CA001182289,56.0,-120.0,-1.92
179,CA001182289,56.0,-120.0,0.77
180,CA001183001,56.0,-121.0,-1.08
181,CA001183001,56.0,-121.0,1.06
182,CA001184791,55.0,-123.0,-1.71
183,CA001184791,55.0,-123.0,0.55
184,CA001192946,59.0,-123.0,-3.42
185,CA001192946,59.0,-123.0,-0.14
186,CA00119BLM0,58.0,-130.0,-1.17
187,CA00119BLM0,58.0,-130.0,-0.16
188,CA002100301,62.0,-136.0,-2.35
189,CA002100301,62.0,-136.0,-0.03
190,CA002100518,62.0,-133.0,1.56
191,CA002100518,62.0,-133.0,1.57
192,CA002100693,63.0,-130.0,1.56
193,CA002100693,63.0,-130.0,2.44
194,CA002100935,67.0,-136.0,0.4
195,CA002100935,67.0,-136.0,5.22
196,CA002100LRP,64.0,-139.0,-0.08
197,CA002100LRP,64.0,-139.0,4.0
198,CA002101102,60.0,-133.0,-0.71
199,CA002101102,60.0,-133.0,-0.16
200,CA002101204,60.0,-129.0,-2.34
201,CA002101204,60.0,-129.0,0.43
202,CA002101310,61.0,-135.0,-1.21
203,CA002101310,61.0,-135.0,0.02
204,CA0022010H0,61.0,-124.0,2.04
205,CA0022010H0,61.0,-124.0,2.69
206,CA002201579,60.0,-123.0,-2.92
207,CA002201579,60.0,-123.0,0.17
208,CA002202101,62.0,-121.0,-2.17
209,CA002202101,62.0,-121.0,-0.02
210,CA002202200,60.0,-112.0,-3.87
211,CA002202200,60.0,-112.0,1.2
212,CA002202202,60.0,-112.0,-4.28
213,CA002202202,60.0,-112.0,1.86
214,CA002202400,61.0,-116.0,-3.25
215,CA002202400,61.0,-116.0,0.46
216,CA002202560,62.0,-114.0,-3.19
217,CA002202560,62.0,-114.0,0.06
218,CA002202578,68.0,-134.0,0.2
219,CA002202578,68.0,-134.0,2.26
220,CA002202801,65.0,-127.0,-1.63
221,CA002202801,65.0,-127.0,-0.1
222,CA002202810,65.0,-127.0,-1.34
223,CA002202810,65.0,-127.0,-0.09
224,CA002203058,69.0,-124.0,0.61
225,CA002203058,69.0,-124.0,5.61
226,CA002204100,62.0,-114.0,-3.58
227,CA002204100,62.0,-114.0,-0.01
228,CA002204300,61.0,-124.0,0.58
229,CA002204300,61.0,-124.0,3.24
230,CA00220N003,61.0,-123.0,-1.47
231,CA00220N003,61.0,-123.0,0.15
232,CA00220N005,69.0,-134.0,0.54
233,CA00220N005,69.0,-134.0,3.62
234,CA002301102,61.0,-101.0,0.11
235,CA002301102,61.0,-101.0,1.1
236,CA002302340,69.0,-96.0,-0.0
237,CA002302340,69.0,-96.0,1.28
238,CA002402332,71.0,-100.0,0.95
239,CA002402332,71.0,-100.0,15.66
240,CA002403854,70.0,-94.0,0.66
241,CA002403854,70.0,-94.0,5.82
242,CA003010010,54.0,-113.0,-1.22
243,CA003010010,54.0,-113.0,-0.41
244,CA003010060,53.0,-111.0,-1.95
245,CA003010060,53.0,-111.0,-0.48
246,CA003010162,52.0,-112.0,-3.1
247,CA003010162,52.0,-112.0,-0.37
248,CA003010237,54.0,-112.0,-1.47
249,CA003010237,54.0,-112.0,-0.47
250,CA003010540,53.0,-114.0,-0.67
251,CA003010540,53.0,-114.0,-0.09
252,CA003010650,53.0,-111.0,-2.01
253,CA003010650,53.0,-111.0,-1.07
254,CA003010730,52.0,-110.0,-0.62
255,CA003010730,52.0,-110.0,0.06
256,CA003010816,53.0,-114.0,-0.87
257,CA003010816,53.0,-114.0,0.61
258,CA003010979,54.0,-114.0,-1.06
259,CA003010979,54.0,-114.0,-0.08
260,CA003010992,52.0,-111.0,-2.56
261,CA003010992,52.0,-111.0,-0.41
262,CA003011240,53.0,-113.0,-5.22
263,CA003011240,53.0,-113.0,-1.37
264,CA003011240,53.0,-113.0,-0.81
265,CA003011663,52.0,-115.0,0.7
266,CA003011663,52.0,-115.0,0.84
267,CA003011815,52.0,-111.0,-3.12
268,CA003011815,52.0,-111.0,-0.56
269,CA003011887,52.0,-111.0,-2.65
270,CA003011887,52.0,-111.0,-0.46
271,CA003011892,53.0,-114.0,-2.24
272,CA003011892,53.0,-114.0,-0.19
273,CA003011953,53.0,-114.0,-0.61
274,CA003012050,52.0,-113.0,-2.51
275,CA003012050,52.0,-113.0,-0.43
276,CA003012073,54.0,-111.0,-2.13
277,CA003012073,54.0,-111.0,-0.53
278,CA003012192,53.0,-110.0,-2.9
279,CA003012192,53.0,-110.0,-0.63
280,CA003012205,53.0,-114.0,-0.86
281,CA003012205,53.0,-114.0,-0.3
282,CA003012206,53.0,-114.0,-1.36
283,CA003012206,53.0,-114.0,-0.48
284,CA003012209,54.0,-114.0,-1.07
285,CA003012209,54.0,-114.0,-0.12
286,CA003012212,54.0,-113.0,-1.18
287,CA003012212,54.0,-113.0,-0.04
288,CA003012229,54.0,-114.0,-0.62
289,CA003012229,54.0,-114.0,0.62
290,CA00301222F,54.0,-114.0,-4.53
291,CA003012275,54.0,-113.0,-1.42
292,CA003012275,54.0,-113.0,-0.54
293,CA003012282,53.0,-116.0,1.12
294,CA003012282,53.0,-116.0,4.21
295,CA003012515,53.0,-111.0,-4.09
296,CA003012590,53.0,-113.0,-1.81
297,CA003012590,53.0,-113.0,-0.73
298,CA003012635,52.0,-112.0,-2.25
299,CA003012635,52.0,-112.0,-0.64
300,CA003012653,53.0,-112.0,-1.71
301,CA003012653,53.0,-112.0,-0.64
302,CA003012790,53.0,-111.0,-2.02
303,CA003012790,53.0,-111.0,-0.45
304,CA003012810,53.0,-112.0,-1.04
305,CA003012810,53.0,-112.0,-0.62
306,CA003012818,54.0,-115.0,-0.71
307,CA003012818,54.0,-115.0,0.5
308,CA003012871,52.0,-111.0,-2.63
309,CA003012871,52.0,-111.0,-0.49
310,CA003012999,52.0,-112.0,-2.72
311,CA003012999,52.0,-112.0,-0.39
312,CA003013140,52.0,-111.0,-3.17
313,CA003013140,52.0,-111.0,-0.46
314,CA003013340,53.0,-112.0,-0.69
315,CA003013340,53.0,-112.0,-0.61
316,CA003013362,53.0,-111.0,-2.5
317,CA003013362,53.0,-111.0,-0.54
318,CA003013640,53.0,-112.0,-1.2
319,CA003013640,53.0,-112.0,-0.7
320,CA003013644,52.0,-111.0,-1.63
321,CA003013644,52.0,-111.0,-0.42
322,CA003013647,53.0,-112.0,-1.81
323,CA003013647,53.0,-112.0,-0.39
324,CA003013660,53.0,-110.0,-2.18
325,CA003013660,53.0,-110.0,-0.53
326,CA003013790,54.0,-113.0,-1.16
327,CA003013790,54.0,-113.0,-0.29
328,CA003013921,54.0,-111.0,-2.0
329,CA003013921,54.0,-111.0,-0.6
330,CA003013959,53.0,-110.0,-2.69
331,CA003013959,53.0,-110.0,-0.51
332,CA003014154,53.0,-113.0,-2.32
333,CA003014154,53.0,-113.0,0.15
334,CA003014195,53.0,-111.0,-2.0
335,CA003014195,53.0,-111.0,-0.01
336,CA003014665,54.0,-112.0,-1.64
337,CA003014665,54.0,-112.0,-0.39
338,CA003014690,54.0,-111.0,-1.93
339,CA003014690,54.0,-111.0,-0.4
340,CA003014795,53.0,-113.0,-0.54
341,CA003014795,53.0,-113.0,-0.43
342,CA003014921,54.0,-113.0,-1.56
343,CA003014921,54.0,-113.0,-0.23
344,CA003015346,54.0,-113.0,-0.22
345,CA003015346,54.0,-113.0,1.1
346,CA003015401,53.0,-112.0,-3.0
347,CA003015401,53.0,-112.0,-0.67
348,CA003015480,53.0,-110.0,-2.57
349,CA003015480,53.0,-110.0,-0.65
350,CA003015501,53.0,-110.0,-2.69
351,CA003015501,53.0,-110.0,-0.64
352,CA003015523,52.0,-115.0,-0.17
353,CA003015523,52.0,-115.0,-0.04
354,CA003015600,53.0,-112.0,-2.78
355,CA003015600,53.0,-112.0,-0.66
356,CA003015673,54.0,-111.0,-2.25
357,CA003015673,54.0,-111.0,0.05
358,CA003015676,54.0,-111.0,-2.15
359,CA003015676,54.0,-111.0,-0.53
360,CA003015797,52.0,-111.0,-3.46
361,CA003015797,52.0,-111.0,-0.1
362,CA003015900,53.0,-113.0,-0.38
363,CA003015900,53.0,-113.0,1.08
364,CA003016022,54.0,-113.0,-1.03
365,CA003016022,54.0,-113.0,-0.1
366,CA003016070,52.0,-112.0,-2.27
367,CA003016070,52.0,-112.0,-0.45
368,CA003016124,52.0,-113.0,-2.49
369,CA003016124,52.0,-113.0,-0.39
370,CA003016441,53.0,-114.0,-1.38
371,CA003016441,53.0,-114.0,0.01
372,CA003016505,53.0,-115.0,-1.45
373,CA003016505,53.0,-115.0,-0.42
374,CA003016593,54.0,-110.0,-2.82
375,CA003016593,54.0,-110.0,-0.5
376,CA003016655,54.0,-112.0,-2.66
377,CA003016655,54.0,-112.0,-0.45
378,CA003016802,53.0,-111.0,-2.39
379,CA003016802,53.0,-111.0,-0.41
380,CA003016841,53.0,-112.0,-2.52
381,CA003016841,53.0,-112.0,-0.53
382,CA003016852,54.0,-112.0,-2.35
383,CA003016852,54.0,-112.0,-0.01
384,CA003016860,53.0,-115.0,0.48
385,CA003016860,53.0,-115.0,1.46
386,CA003016GF0,54.0,-112.0,-2.35
387,CA003016GF0,54.0,-112.0,-0.55
388,CA003017282,53.0,-113.0,-1.96
389,CA003017282,53.0,-113.0,-0.62
390,CA003017705,51.0,-111.0,-2.94
391,CA003017705,51.0,-111.0,0.07
392,CA00301A001,54.0,-114.0,-0.84
393,CA00301A001,54.0,-114.0,0.05
394,CA00301B460,52.0,-110.0,-2.41
395,CA00301B460,52.0,-110.0,-0.22
396,CA00301S001,53.0,-111.0,-2.48
397,CA00301S001,53.0,-111.0,-0.46
398,CA003020035,51.0,-110.0,-2.07
399,CA003020035,51.0,-110.0,0.45
400,CA003020405,51.0,-111.0,-3.36
401,CA003020405,51.0,-111.0,0.03
402,CA003020610,51.0,-113.0,-2.96
403,CA003020610,51.0,-113.0,-0.3
404,CA003020679,52.0,-113.0,-2.19
405,CA003020679,52.0,-113.0,-0.37
406,CA003020950,51.0,-111.0,-3.67
407,CA003020950,51.0,-111.0,-0.13
408,CA003021000,51.0,-111.0,-2.17
409,CA003021000,51.0,-111.0,1.18
410,CA003021463,51.0,-111.0,-3.14
411,CA003021463,51.0,-111.0,-0.7
412,CA003021667,52.0,-115.0,1.54
413,CA003021667,52.0,-115.0,1.63
414,CA003021912,52.0,-112.0,-1.57
415,CA003021912,52.0,-112.0,0.02
416,CA003022078,52.0,-114.0,0.16
417,CA003022078,52.0,-114.0,1.07
418,CA0030221LG,51.0,-113.0,-2.97
419,CA0030221LG,51.0,-113.0,-0.74
420,CA003022990,51.0,-112.0,-2.4
421,CA003022990,51.0,-112.0,-0.47
422,CA003023200,52.0,-114.0,-2.42
423,CA003023200,52.0,-114.0,-0.79
424,CA003023402,51.0,-113.0,-2.48
425,CA003023402,51.0,-113.0,-0.62
426,CA003023513,52.0,-115.0,0.07
427,CA003023513,52.0,-115.0,0.75
428,CA003023722,52.0,-114.0,-2.84
429,CA003023722,52.0,-114.0,-0.71
430,CA003023740,53.0,-114.0,-3.19
431,CA003023740,53.0,-114.0,-0.68
432,CA003023850,52.0,-114.0,-1.73
433,CA003023850,52.0,-114.0,-0.74
434,CA003024668,52.0,-113.0,-2.38
435,CA003024668,52.0,-113.0,0.05
436,CA003024925,52.0,-114.0,-1.59
437,CA003024925,52.0,-114.0,-0.62
438,CA003024965,51.0,-110.0,-3.1
439,CA003024965,51.0,-110.0,-0.12
440,CA003025013,51.0,-112.0,-2.86
441,CA003025013,51.0,-112.0,0.21
442,CA003025243,51.0,-112.0,-3.41
443,CA003025243,51.0,-112.0,-0.81
444,CA003025297,52.0,-114.0,-2.23
445,CA003025297,52.0,-114.0,-0.88
446,CA003025480,52.0,-114.0,-2.37
447,CA003025480,52.0,-114.0,-0.44
448,CA003025750,54.0,-114.0,-1.5
449,CA003025750,54.0,-114.0,-0.23
450,CA003025768,50.0,-110.0,-2.19
451,CA003025768,50.0,-110.0,0.12
452,CA003025890,51.0,-112.0,-2.6
453,CA003025890,51.0,-112.0,-0.65
454,CA003026479,52.0,-113.0,-2.38
455,CA003026479,52.0,-113.0,-0.18
456,CA003026KNQ,52.0,-115.0,-1.14
457,CA003026KNQ,52.0,-115.0,-0.23
458,CA003027582,52.0,-114.0,-1.89
459,CA003027582,52.0,-114.0,-0.27
460,CA003030450,51.0,-114.0,-1.49
461,CA003030450,51.0,-114.0,0.52
462,CA003030525,50.0,-112.0,-1.68
463,CA003030525,50.0,-112.0,0.8
464,CA003030529,50.0,-113.0,-1.68
465,CA003030529,50.0,-113.0,1.13
466,CA003030540,51.0,-112.0,-3.02
467,CA003030540,51.0,-112.0,-0.4
468,CA003030555,49.0,-114.0,1.46
469,CA003030555,49.0,-114.0,1.88
470,CA003030680,51.0,-114.0,-2.59
471,CA003030680,51.0,-114.0,0.61
472,CA003030690,51.0,-114.0,-1.68
473,CA003030690,51.0,-114.0,0.69
474,CA003030720,50.0,-113.0,-1.06
475,CA003030720,50.0,-113.0,1.85
476,CA003030768,50.0,-111.0,-1.1
477,CA003030768,50.0,-111.0,0.91
478,CA003030772,50.0,-111.0,1.79
479,CA003030772,50.0,-111.0,2.02
480,CA003030830,50.0,-114.0,-1.79
481,CA003030830,50.0,-114.0,0.41
482,CA003030879,50.0,-110.0,-1.56
483,CA003030879,50.0,-110.0,0.76
484,CA003030QLP,51.0,-112.0,-3.36
485,CA003030QLP,51.0,-112.0,-0.31
486,CA003031094,51.0,-114.0,-0.74
487,CA003031094,51.0,-114.0,1.25
488,CA003031322,49.0,-113.0,0.77
489,CA003031322,49.0,-113.0,1.83
490,CA003031402,49.0,-113.0,-1.27
491,CA003031402,49.0,-113.0,0.18
492,CA003031480,50.0,-113.0,-2.2
493,CA003031480,50.0,-113.0,0.68
494,CA003031640,50.0,-114.0,-1.35
495,CA003031640,50.0,-114.0,0.64
496,CA003031875,51.0,-114.0,-1.07
497,CA003031875,51.0,-114.0,0.72
498,CA003032422,50.0,-112.0,-0.75
499,CA003032422,50.0,-112.0,1.48
500,CA003032450,50.0,-111.0,0.57
501,CA003032450,50.0,-111.0,0.96
502,CA003032550,50.0,-112.0,-0.73
503,CA003032550,50.0,-112.0,1.19
504,CA003032642,49.0,-111.0,-1.36
505,CA003032642,49.0,-111.0,0.61
506,CA003032683,50.0,-113.0,-0.68
507,CA003032683,50.0,-113.0,0.35
508,CA003032801,51.0,-113.0,-2.16
509,CA003032801,51.0,-113.0,-0.21
510,CA003032818,49.0,-114.0,-0.63
511,CA003032818,49.0,-114.0,2.73
512,CA003032927,50.0,-112.0,-0.91
513,CA003032927,50.0,-112.0,0.91
514,CA003033498,50.0,-113.0,-1.07
515,CA003033498,50.0,-113.0,1.29
516,CA003033505,51.0,-114.0,-2.28
517,CA003033505,51.0,-114.0,1.32
518,CA003033550,50.0,-110.0,-1.61
519,CA003033550,50.0,-110.0,0.29
520,CA003033620,51.0,-114.0,-1.94
521,CA003033620,51.0,-114.0,0.23
522,CA003033770,51.0,-112.0,-2.29
523,CA003033770,51.0,-112.0,0.41
524,CA003033782,49.0,-114.0,1.21
525,CA003033782,49.0,-114.0,1.91
526,CA003033875,50.0,-113.0,-1.37
527,CA003033875,50.0,-113.0,1.0
528,CA003033890,50.0,-113.0,1.28
529,CA003033890,50.0,-113.0,1.93
530,CA003033897,50.0,-113.0,-0.7
531,CA003033897,50.0,-113.0,1.95
532,CA003034485,50.0,-111.0,-1.22
533,CA003034485,50.0,-111.0,0.87
534,CA003034489,50.0,-110.0,1.47
535,CA003034489,50.0,-110.0,2.09
536,CA003034577,51.0,-113.0,-2.78
537,CA003034577,51.0,-113.0,0.68
538,CA003034795,51.0,-114.0,-1.63
539,CA003034795,51.0,-114.0,0.14
540,CA003035208,50.0,-114.0,-0.66
541,CA003035208,50.0,-114.0,1.64
542,CA003035228,50.0,-114.0,-0.63
543,CA003035228,50.0,-114.0,2.42
544,CA003035340,51.0,-113.0,-5.73
545,CA003035342,51.0,-113.0,-2.01
546,CA003035342,51.0,-113.0,2.12
547,CA003035362,50.0,-111.0,-2.81
548,CA003035362,50.0,-111.0,-0.04
549,CA003035422,49.0,-113.0,-1.56
550,CA003035422,49.0,-113.0,1.65
551,CA003035530,50.0,-112.0,-2.67
552,CA003035530,50.0,-112.0,-0.03
553,CA003035650,51.0,-112.0,-2.06
554,CA003035650,51.0,-112.0,1.04
555,CA003035845,50.0,-111.0,-1.53
556,CA003035845,50.0,-111.0,1.49
557,CA003036040,51.0,-110.0,-2.09
558,CA003036040,51.0,-110.0,1.09
559,CA003036086,51.0,-113.0,-1.73
560,CA003036086,51.0,-113.0,0.26
561,CA003036099,50.0,-114.0,-1.15
562,CA003036099,50.0,-114.0,0.53
563,CA003036205,51.0,-113.0,-1.09
564,CA003036205,51.0,-113.0,0.54
565,CA003036380,50.0,-114.0,1.0
566,CA003036380,50.0,-114.0,1.7
567,CA003036485,50.0,-111.0,-2.85
568,CA003036485,50.0,-111.0,-0.06
569,CA003036500,50.0,-113.0,-1.59
570,CA003036500,50.0,-113.0,0.28
571,CA003036682,50.0,-112.0,-1.37
572,CA003036682,50.0,-112.0,1.2
573,CA003037675,50.0,-112.0,-2.24
574,CA003037675,50.0,-112.0,0.43
575,CA003042045,49.0,-113.0,-2.33
576,CA003042045,49.0,-113.0,0.68
577,CA003044203,49.0,-111.0,1.19
578,CA003044203,49.0,-111.0,1.54
579,CA003044232,49.0,-112.0,-1.11
580,CA003044232,49.0,-112.0,0.89
581,CA003044533,49.0,-112.0,1.48
582,CA003044533,49.0,-112.0,1.71
583,CA003044545,49.0,-113.0,-1.82
584,CA003044545,49.0,-113.0,1.31
585,CA003044923,49.0,-110.0,0.42
586,CA003044923,49.0,-110.0,0.87
587,CA003045000,49.0,-111.0,1.11
588,CA003045000,49.0,-111.0,1.19
589,CA003045100,49.0,-111.0,0.59
590,CA003045100,49.0,-111.0,1.4
591,CA003046951,49.0,-112.0,-1.33
592,CA003046951,49.0,-112.0,0.71
593,CA003050519,51.0,-116.0,-1.26
594,CA003050519,51.0,-116.0,0.67
595,CA003050602,49.0,-114.0,0.67
596,CA003050602,49.0,-114.0,1.29
597,CA003050778,51.0,-115.0,-0.93
598,CA003050778,51.0,-115.0,1.61
599,CA003050960,49.0,-113.0,1.43
600,CA003050960,49.0,-113.0,2.92
601,CA003050965,49.0,-114.0,1.42
602,CA003050965,49.0,-114.0,1.94
603,CA003050974,51.0,-115.0,-0.83
604,CA003050974,51.0,-115.0,0.95
605,CA003051430,49.0,-114.0,0.75
606,CA003051430,49.0,-114.0,1.32
607,CA003051478,50.0,-114.0,1.13
608,CA003051478,50.0,-114.0,1.62
609,CA003051545,49.0,-114.0,1.51
610,CA003051545,49.0,-114.0,2.31
611,CA003051766,51.0,-115.0,0.71
612,CA003051766,51.0,-115.0,0.98
613,CA003051932,51.0,-115.0,1.67
614,CA003051932,51.0,-115.0,2.26
615,CA003051R4R,50.0,-114.0,0.86
616,CA003051R4R,50.0,-114.0,1.05
617,CA003051R51,51.0,-116.0,1.69
618,CA003051R51,51.0,-116.0,1.79
619,CA003052270,51.0,-115.0,0.76
620,CA003052270,51.0,-115.0,2.02
621,CA003052602,52.0,-115.0,-0.69
622,CA003052602,52.0,-115.0,0.89
623,CA0030526EL,51.0,-115.0,0.71
624,CA0030526EL,51.0,-115.0,1.32
625,CA003052D82,51.0,-115.0,-0.59
626,CA003052D82,51.0,-115.0,0.52
627,CA003052PP6,51.0,-115.0,-0.66
628,CA003052PP6,51.0,-115.0,1.59
629,CA003053512,52.0,-115.0,-1.02
630,CA003053512,52.0,-115.0,0.63
631,CA003053536,53.0,-118.0,-2.0
632,CA003053536,53.0,-118.0,-0.07
633,CA003053552,52.0,-117.0,0.95
634,CA003053552,52.0,-117.0,1.02
635,CA003053760,51.0,-116.0,-0.76
636,CA003053760,51.0,-116.0,-0.27
637,CA003053908,52.0,-115.0,0.22
638,CA003053908,52.0,-115.0,1.23
639,CA003053988,50.0,-115.0,1.52
640,CA003053988,50.0,-115.0,1.77
641,CA003054733,50.0,-115.0,1.59
642,CA003054733,50.0,-115.0,1.75
643,CA003054843,52.0,-116.0,0.69
644,CA003054843,52.0,-116.0,1.69
645,CA003054R99,50.0,-115.0,1.44
646,CA003054R99,50.0,-115.0,1.88
647,CA003055119,50.0,-114.0,-1.13
648,CA003055119,50.0,-114.0,2.04
649,CA003055237,49.0,-114.0,1.13
650,CA003055237,49.0,-114.0,1.87
651,CA003055302,49.0,-114.0,1.06
652,CA003055302,49.0,-114.0,1.99
653,CA003055343,50.0,-115.0,2.06
654,CA003055343,50.0,-115.0,2.29
655,CA003055379,52.0,-116.0,0.8
656,CA003055379,52.0,-116.0,1.33
657,CA003055754,52.0,-117.0,-1.56
658,CA003055754,52.0,-117.0,0.57
659,CA003055761,52.0,-116.0,-0.63
660,CA003055761,52.0,-116.0,0.44
661,CA003055768,52.0,-116.0,-2.66
662,CA003055768,52.0,-116.0,0.77
663,CA003055976,52.0,-116.0,2.43
664,CA003055976,52.0,-116.0,2.54
665,CA003055H8C,51.0,-115.0,-1.03
666,CA003055H8C,51.0,-115.0,1.51
667,CA003056055,53.0,-117.0,0.53
668,CA003056055,53.0,-117.0,3.22
669,CA003056056,51.0,-115.0,-1.44
670,CA003056056,51.0,-115.0,1.27
671,CA003056067,49.0,-114.0,1.32
672,CA003056067,49.0,-114.0,1.79
673,CA003056100,49.0,-113.0,1.17
674,CA003056100,49.0,-113.0,2.68
675,CA003056212,50.0,-114.0,1.56
676,CA003056212,50.0,-114.0,2.66
677,CA003056214,49.0,-114.0,-0.94
678,CA003056214,49.0,-114.0,1.38
679,CA003056267,51.0,-116.0,0.92
680,CA003056267,51.0,-116.0,0.94
681,CA003057242,49.0,-114.0,0.85
682,CA003057242,49.0,-114.0,1.95
683,CA003057570,50.0,-114.0,0.96
684,CA003057570,50.0,-114.0,2.14
685,CA003057673,52.0,-116.0,-0.8
686,CA003057673,52.0,-116.0,1.06
687,CA003057K55,49.0,-114.0,1.24
688,CA003057K55,49.0,-114.0,2.07
689,CA00305A002,52.0,-116.0,3.11
690,CA00305A002,52.0,-116.0,3.27
691,CA00305B0R2,52.0,-116.0,-1.16
692,CA00305B0R2,52.0,-116.0,-0.07
693,CA00305B769,49.0,-115.0,1.11
694,CA00305B769,49.0,-115.0,1.64
695,CA00305FMQQ,51.0,-115.0,3.05
696,CA00305FMQQ,51.0,-115.0,4.23
697,CA00305FQKP,50.0,-114.0,2.15
698,CA00305FQKP,50.0,-114.0,2.27
699,CA00305L9K4,50.0,-114.0,0.07
700,CA00305L9K4,50.0,-114.0,0.27
701,CA00305LRKB,51.0,-115.0,1.34
702,CA00305LRKB,51.0,-115.0,1.76
703,CA00305NJ61,50.0,-114.0,-0.83
704,CA00305NJ61,50.0,-114.0,0.77
705,CA00305NKQR,50.0,-114.0,0.77
706,CA00305NKQR,50.0,-114.0,1.46
707,CA00305PE6R,50.0,-115.0,1.18
708,CA00305PE6R,50.0,-115.0,1.28
709,CA00305PKMM,52.0,-115.0,0.83
710,CA00305PKMM,52.0,-115.0,1.13
711,CA003060330,55.0,-113.0,-0.97
712,CA003060330,55.0,-113.0,0.33
713,CA003060406,55.0,-113.0,-0.32
714,CA003060406,55.0,-113.0,0.82
715,CA003060535,54.0,-114.0,-1.06
716,CA003060535,54.0,-114.0,-0.32
717,CA003060756,56.0,-113.0,0.24
718,CA003060756,56.0,-113.0,2.42
719,CA003061201,54.0,-112.0,-1.18
720,CA003061201,54.0,-112.0,-0.39
721,CA003061580,56.0,-111.0,-1.32
722,CA003061580,56.0,-111.0,-0.3
723,CA003061975,54.0,-114.0,-0.91
724,CA003061975,54.0,-114.0,-0.25
725,CA003062246,54.0,-116.0,-0.83
726,CA003062246,54.0,-116.0,-0.43
727,CA003062475,54.0,-115.0,-0.98
728,CA003062475,54.0,-115.0,-0.28
729,CA003062630,55.0,-115.0,0.96
730,CA003062630,55.0,-115.0,1.37
731,CA003062660,54.0,-115.0,-1.59
732,CA003062660,54.0,-115.0,-0.12
733,CA003062696,57.0,-111.0,-1.28
734,CA003062696,57.0,-111.0,-0.25
735,CA003062880,55.0,-116.0,0.44
736,CA003062880,55.0,-116.0,1.07
737,CA003062889,57.0,-111.0,-1.67
738,CA003062889,57.0,-111.0,-0.15
739,CA003062946,54.0,-115.0,-1.08
740,CA003062946,54.0,-115.0,-0.2
741,CA003062968,55.0,-111.0,-2.7
742,CA003062968,55.0,-111.0,-0.2
743,CA003063135,54.0,-118.0,1.34
744,CA003063135,54.0,-118.0,4.84
745,CA003063165,55.0,-116.0,-0.95
746,CA003063165,55.0,-116.0,-0.09
747,CA003063167,55.0,-116.0,-0.74
748,CA003063167,55.0,-116.0,0.83
749,CA003063347,55.0,-116.0,0.55
750,CA003063347,55.0,-116.0,0.9
751,CA003063600,55.0,-114.0,-1.24
752,CA003063600,55.0,-114.0,-1.19
753,CA003063686,55.0,-112.0,-1.01
754,CA003063686,55.0,-112.0,-0.27
755,CA003063R2L,54.0,-116.0,-0.83
756,CA003063R2L,54.0,-116.0,1.01
757,CA003064219,56.0,-115.0,0.15
758,CA003064219,56.0,-115.0,1.96
759,CA003064284,54.0,-115.0,-2.47
760,CA003064284,54.0,-115.0,-0.49
761,CA003064528,57.0,-112.0,-1.21
762,CA003064528,57.0,-112.0,-0.11
763,CA003064968,54.0,-115.0,-1.55
764,CA003064968,54.0,-115.0,-0.29
765,CA003064970,54.0,-116.0,-0.91
766,CA003064970,54.0,-116.0,-0.22
767,CA003065082,56.0,-116.0,-1.67
768,CA003065082,56.0,-116.0,-0.08
769,CA003065475,55.0,-112.0,-1.21
770,CA003065475,55.0,-112.0,-0.39
771,CA003065765,53.0,-117.0,0.07
772,CA003065765,53.0,-117.0,2.45
773,CA003065995,55.0,-115.0,-1.83
774,CA003065995,55.0,-115.0,-1.0
775,CA003066367,54.0,-114.0,-1.2
776,CA003066367,54.0,-114.0,-0.29
777,CA003066FME,54.0,-115.0,-0.86
778,CA003066FME,54.0,-115.0,-0.04
779,CA003067371,54.0,-116.0,-0.01
780,CA003067371,54.0,-116.0,0.8
781,CA003067542,54.0,-118.0,0.6
782,CA003067542,54.0,-118.0,2.28
783,CA003067586,54.0,-116.0,0.07
784,CA003067586,54.0,-116.0,0.63
785,CA00306GE70,53.0,-118.0,0.35
786,CA00306GE70,53.0,-118.0,1.13
787,CA003070495,56.0,-117.0,-1.39
788,CA003070495,56.0,-117.0,-0.5
789,CA003070600,55.0,-119.0,-1.83
790,CA003070600,55.0,-119.0,-0.83
791,CA003070800,56.0,-118.0,-1.35
792,CA003070800,56.0,-118.0,-0.07
793,CA003072093,57.0,-120.0,1.34
794,CA003072093,57.0,-120.0,1.77
795,CA003072151,56.0,-118.0,-0.83
796,CA003072151,56.0,-118.0,-0.02
797,CA003072525,56.0,-118.0,-1.72
798,CA003072525,56.0,-118.0,0.12
799,CA003072655,59.0,-111.0,-3.92
800,CA003072655,59.0,-111.0,-0.0
801,CA003072723,58.0,-116.0,-2.15
802,CA003072723,58.0,-116.0,0.37
803,CA003072921,55.0,-119.0,-2.53
804,CA003072921,55.0,-119.0,-0.28
805,CA003073071,57.0,-117.0,-0.97
806,CA003073071,57.0,-117.0,0.28
807,CA003073140,59.0,-117.0,-1.96
808,CA003073140,59.0,-117.0,0.34
809,CA003073511,57.0,-117.0,0.49
810,CA003073511,57.0,-117.0,1.01
811,CA003073535,56.0,-117.0,-1.36
812,CA003073535,56.0,-117.0,-0.93
813,CA003073730,58.0,-116.0,-2.46
814,CA003073730,58.0,-116.0,0.64
815,CA003073740,55.0,-119.0,-2.11
816,CA003073740,55.0,-119.0,0.12
817,CA003074190,57.0,-117.0,-1.12
818,CA003074190,57.0,-117.0,0.44
819,CA003074494,55.0,-117.0,-0.17
820,CA003074494,55.0,-117.0,2.62
821,CA003074582,55.0,-120.0,0.31
822,CA003074582,55.0,-120.0,1.28
823,CA003074900,57.0,-119.0,-1.18
824,CA003074900,57.0,-119.0,1.11
825,CA003074935,56.0,-120.0,-1.1
826,CA003074935,56.0,-120.0,0.36
827,CA003075040,56.0,-117.0,-1.13
828,CA003075040,56.0,-117.0,-0.27
829,CA003075160,56.0,-118.0,-0.95
830,CA003075160,56.0,-118.0,-0.06
831,CA003075172,58.0,-115.0,0.73
832,CA003075172,58.0,-115.0,0.85
833,CA003075225,55.0,-119.0,-0.45
834,CA003075225,55.0,-119.0,0.94
835,CA003075488,57.0,-115.0,0.49
836,CA003075488,57.0,-115.0,0.54
837,CA003075601,56.0,-119.0,-1.03
838,CA003075601,56.0,-119.0,0.03
839,CA003075770,56.0,-119.0,-1.63
840,CA003075770,56.0,-119.0,0.22
841,CA003076069,56.0,-119.0,-1.05
842,CA003076069,56.0,-119.0,0.97
843,CA003076366,55.0,-118.0,-2.01
844,CA003076366,55.0,-118.0,-0.23
845,CA003076680,55.0,-117.0,-1.24
846,CA003076680,55.0,-117.0,-0.57
847,CA003077498,59.0,-115.0,-2.4
848,CA003077498,59.0,-115.0,1.42
849,CA00307F0G9,55.0,-118.0,0.68
850,CA00307F0G9,55.0,-118.0,1.02
851,CA00307KPFP,59.0,-114.0,-2.62
852,CA00307KPFP,59.0,-114.0,0.97
853,CA003081680,54.0,-110.0,-3.7
854,CA003081680,54.0,-110.0,-1.27
855,CA003081680,54.0,-110.0,-0.44
856,CA003081690,54.0,-111.0,-1.86
857,CA003081690,54.0,-111.0,-0.47
858,CA003AAAWAN,49.0,-110.0,-0.13
859,CA003AAAWAN,49.0,-110.0,1.28
860,CA003AAB4KA,51.0,-115.0,-1.27
861,CA003AAB4KA,51.0,-115.0,-0.05
862,CA003AAB5PE,51.0,-115.0,0.49
863,CA003AAB5PE,51.0,-115.0,0.61
864,CA003AAB8NG,52.0,-115.0,1.84
865,CA003AAB8NG,52.0,-115.0,2.08
866,CA003AAC1LI,50.0,-114.0,0.38
867,CA003AAC1LI,50.0,-114.0,0.65
868,CA003AAC4BL,50.0,-114.0,1.38
869,CA003AAC4BL,50.0,-114.0,1.5
870,CA003AAE5GC,54.0,-119.0,0.36
871,CA003AAE5GC,54.0,-119.0,3.83
872,CA003AAE7EN,53.0,-118.0,1.11
873,CA003AAE7EN,53.0,-118.0,2.94
874,CA003AAF2PO,59.0,-117.0,1.4
875,CA003AAF2PO,59.0,-117.0,1.88
876,CA003AAF3LA,58.0,-114.0,1.73
877,CA003AAF3LA,58.0,-114.0,2.52
878,CA003AAF5BI,60.0,-119.0,-2.67
879,CA003AAF5BI,60.0,-119.0,0.19
880,CA003AAG1KA,54.0,-119.0,-0.04
881,CA003AAG1KA,54.0,-119.0,2.99
882,CA003AAGHRS,51.0,-115.0,0.65
883,CA003AAGHRS,51.0,-115.0,1.11
884,CA003AAJURS,51.0,-115.0,1.19
885,CA003AAJURS,51.0,-115.0,2.21
886,CA003AAL3DU,57.0,-112.0,-0.24
887,CA003AAL3DU,57.0,-112.0,1.66
888,CA003AAL5KE,58.0,-110.0,-0.78
889,CA003AAL5KE,58.0,-110.0,1.17
890,CA003AALUSC,53.0,-117.0,1.19
891,CA003AALUSC,53.0,-117.0,7.77
892,CA003AAPIKA,51.0,-116.0,0.33
893,CA003AAPIKA,51.0,-116.0,2.15
894,CA003AAR4KO,52.0,-116.0,-1.91
895,CA003AAR4KO,52.0,-116.0,0.75
896,CA003AARIDG,49.0,-113.0,1.29
897,CA003AARIDG,49.0,-113.0,2.44
898,CA003AARPAR,52.0,-113.0,-1.95
899,CA003AARPAR,52.0,-113.0,-0.44
900,CA003AARUSH,50.0,-111.0,-0.61
901,CA003AARUSH,50.0,-111.0,1.72
902,CA003AAS4KI,55.0,-115.0,-1.5
903,CA003AAS4KI,55.0,-115.0,0.41
904,CA003AAS5LO,57.0,-115.0,-0.13
905,CA003AAS5LO,57.0,-115.0,2.2
906,CA003AASULL,51.0,-114.0,-1.32
907,CA003AASULL,51.0,-114.0,2.56
908,CA003AASUND,52.0,-115.0,0.58
909,CA003AASUND,52.0,-115.0,1.08
910,CA003AAW2ET,53.0,-116.0,-0.26
911,CA003AAW2ET,53.0,-116.0,2.37
912,CA003AAW5FC,54.0,-117.0,0.2
913,CA003AAW5FC,54.0,-117.0,2.56
914,CA003AAW6TI,55.0,-115.0,-0.95
915,CA003AAW6TI,55.0,-115.0,0.11
916,CA003AAW7BE,54.0,-118.0,-0.04
917,CA003AAW7BE,54.0,-118.0,3.77
918,CA004010811,50.0,-105.0,-1.68
919,CA004010811,50.0,-105.0,0.03
920,CA004010879,50.0,-103.0,-1.34
921,CA004010879,50.0,-103.0,-1.03
922,CA004010879,50.0,-103.0,0.19
923,CA004012410,49.0,-103.0,-0.44
924,CA004012410,49.0,-103.0,0.85
925,CA004013480,51.0,-104.0,-4.95
926,CA004013480,51.0,-104.0,-2.35
927,CA004013480,51.0,-104.0,0.1
928,CA004013660,51.0,-104.0,-0.97
929,CA004014040,50.0,-103.0,-2.1
930,CA004014156,51.0,-105.0,-0.9
931,CA004014156,51.0,-105.0,0.97
932,CA004015322,50.0,-106.0,-2.69
933,CA004015322,50.0,-106.0,-0.33
934,CA004015800,49.0,-102.0,-0.24
935,CA004016699,50.0,-105.0,-1.43
936,CA004016699,50.0,-105.0,1.19
937,CA004018642,52.0,-105.0,-1.45
938,CA004018642,52.0,-105.0,1.15
939,CA004019075,51.0,-102.0,-2.21
940,CA004019075,51.0,-102.0,-0.01
941,CA0040190LN,52.0,-104.0,-0.6
942,CA0040190LN,52.0,-104.0,0.9
943,CA00401HP5R,50.0,-104.0,-0.98
944,CA00401HP5R,50.0,-104.0,0.43
945,CA004020286,50.0,-106.0,-2.63
946,CA004020286,50.0,-106.0,-0.15
947,CA004020560,51.0,-107.0,0.62
948,CA004022359,51.0,-107.0,-0.71
949,CA004022359,51.0,-107.0,0.3
950,CA004024714,51.0,-107.0,-1.07
951,CA004024714,51.0,-107.0,0.4
952,CA004024919,50.0,-109.0,-1.37
953,CA004024919,50.0,-109.0,-0.59
954,CA004028038,50.0,-108.0,-3.15
955,CA004028038,50.0,-108.0,-1.21
956,CA004028060,50.0,-108.0,-3.12
957,CA004028060,50.0,-108.0,-1.27
958,CA004028060,50.0,-108.0,-0.57
959,CA00402DAF0,51.0,-110.0,-2.44
960,CA00402DAF0,51.0,-110.0,1.21
961,CA0040318MN,49.0,-105.0,-1.44
962,CA0040318MN,49.0,-105.0,-0.0
963,CA004031999,50.0,-110.0,-0.01
964,CA004031999,50.0,-110.0,1.04
965,CA004032322,49.0,-109.0,-1.32
966,CA004032322,49.0,-109.0,-0.38
967,CA004034910,49.0,-107.0,-0.65
968,CA004034910,49.0,-107.0,0.05
969,CA004036844,49.0,-106.0,-0.83
970,CA004036844,49.0,-106.0,0.3
971,CA004038412,49.0,-108.0,-0.93
972,CA004038412,49.0,-108.0,0.37
973,CA004043900,52.0,-109.0,-2.16
974,CA004043900,52.0,-109.0,-0.03
975,CA004045607,53.0,-108.0,-2.68
976,CA004045607,53.0,-108.0,-0.51
977,CA004046884,52.0,-108.0,-2.13
978,CA004046884,52.0,-108.0,-0.4
979,CA004047240,52.0,-109.0,-3.99
980,CA004047240,52.0,-109.0,-2.72
981,CA004047240,52.0,-109.0,-0.57
982,CA004048521,53.0,-109.0,-2.33
983,CA004048521,53.0,-109.0,-0.51
984,CA004055079,53.0,-105.0,-2.39
985,CA004055079,53.0,-105.0,-1.27
986,CA004055736,51.0,-107.0,-3.82
987,CA004055736,51.0,-107.0,-2.23
988,CA004055736,51.0,-107.0,0.03
989,CA004056121,52.0,-105.0,-2.62
990,CA004056121,52.0,-105.0,-1.29
991,CA004056240,53.0,-106.0,-1.56
992,CA004056240,53.0,-106.0,-0.28
993,CA004057165,52.0,-107.0,-2.21
994,CA004057165,52.0,-107.0,-0.09
995,CA004060983,56.0,-108.0,-3.31
996,CA004060983,56.0,-108.0,-0.31
997,CA004063605,56.0,-102.0,-3.06
998,CA004063605,56.0,-102.0,-0.22
999,CA004063623,55.0,-110.0,-0.88
1000,CA004063623,55.0,-110.0,-0.14
1001,CA004063757,57.0,-106.0,-2.46
1002,CA004063757,57.0,-106.0,2.3
1003,CA004064149,55.0,-105.0,-0.86
1004,CA004064149,55.0,-105.0,0.1
1005,CA004064620,54.0,-109.0,-0.44
1006,CA004064620,54.0,-109.0,-0.3
1007,CA004067655,56.0,-103.0,-2.57
1008,CA004067655,56.0,-103.0,-0.04
1009,CA004067723,53.0,-108.0,-1.12
1010,CA004067723,53.0,-108.0,-0.14
1011,CA004067799,59.0,-106.0,-2.7
1012,CA004067799,59.0,-106.0,0.38
1013,CA004068559,54.0,-106.0,-0.73
1014,CA004068559,54.0,-106.0,-0.23
1015,CA00406N0NM,54.0,-109.0,-1.15
1016,CA00406N0NM,54.0,-109.0,-0.17
1017,CA00406QLD0,60.0,-108.0,-1.1
1018,CA00406QLD0,60.0,-108.0,1.91
1019,CA00407N51G,53.0,-104.0,-1.02
1020,CA00407N51G,53.0,-104.0,0.38
1021,CA004083324,53.0,-102.0,-0.81
1022,CA004083324,53.0,-102.0,0.11
1023,CA005010481,50.0,-100.0,-0.78
1024,CA005010481,50.0,-100.0,0.52
1025,CA005010547,50.0,-99.0,-2.51
1026,CA005010547,50.0,-99.0,-0.95
1027,CA005010641,50.0,-99.0,-2.97
1028,CA005010641,50.0,-99.0,-1.55
1029,CA005012324,50.0,-98.0,-2.23
1030,CA005012324,50.0,-98.0,-1.32
1031,CA005012469,51.0,-101.0,-2.65
1032,CA005012469,51.0,-101.0,-0.05
1033,CA005012654,50.0,-101.0,-1.51
1034,CA005012654,50.0,-101.0,-0.17
1035,CA005013117,51.0,-100.0,-0.67
1036,CA005013117,51.0,-100.0,-0.21
1037,CA00501A7AR,49.0,-101.0,-0.86
1038,CA00501A7AR,49.0,-101.0,0.23
1039,CA005020725,49.0,-98.0,-2.89
1040,CA005020725,49.0,-98.0,-1.01
1041,CA005020881,49.0,-97.0,0.68
1042,CA005020881,49.0,-97.0,0.8
1043,CA005021220,49.0,-98.0,-2.38
1044,CA005021220,49.0,-98.0,-1.34
1045,CA005021500,50.0,-97.0,0.92
1046,CA005021500,50.0,-97.0,1.05
1047,CA005021695,50.0,-98.0,-2.26
1048,CA005021849,49.0,-98.0,-2.66
1049,CA005021849,49.0,-98.0,-0.81
1050,CA005022125,49.0,-99.0,-3.1
1051,CA005022125,49.0,-99.0,-1.29
1052,CA005022759,49.0,-96.0,0.89
1053,CA005022759,49.0,-96.0,1.13
1054,CA005022791,50.0,-97.0,-4.71
1055,CA005023262,50.0,-97.0,-1.2
1056,CA005023262,50.0,-97.0,-0.35
1057,CA00502I001,50.0,-98.0,-1.81
1058,CA00502I001,50.0,-98.0,-1.23
1059,CA00502S001,50.0,-97.0,1.06
1060,CA00502S001,50.0,-97.0,1.61
1061,CA005030203,52.0,-97.0,0.74
1062,CA005030203,52.0,-97.0,3.82
1063,CA005030984,53.0,-98.0,-0.66
1064,CA005030984,53.0,-98.0,1.11
1065,CA0050309J6,51.0,-98.0,0.48
1066,CA0050309J6,51.0,-98.0,1.28
1067,CA005031042,51.0,-97.0,-1.26
1068,CA005031042,51.0,-97.0,0.16
1069,CA005031201,51.0,-96.0,-0.76
1070,CA005031201,51.0,-96.0,1.03
1071,CA005031320,50.0,-95.0,-4.19
1072,CA005031A10,53.0,-99.0,-1.76
1073,CA005031A10,53.0,-99.0,0.25
1074,CA00503B1ER,50.0,-96.0,-0.57
1075,CA00503B1ER,50.0,-96.0,0.71
1076,CA005040681,51.0,-100.0,-0.12
1077,CA005040681,51.0,-100.0,1.28
1078,CA005043158,51.0,-100.0,-3.75
1079,CA005043158,51.0,-100.0,-0.29
1080,CA005043158,51.0,-100.0,0.66
1081,CA00504K0NM,51.0,-98.0,-1.57
1082,CA00504K0NM,51.0,-98.0,0.13
1083,CA00504K80K,52.0,-101.0,-1.97
1084,CA00504K80K,52.0,-101.0,0.02
1085,CA005050919,55.0,-102.0,-2.34
1086,CA005050919,55.0,-102.0,0.75
1087,CA005052880,54.0,-101.0,-3.31
1088,CA005052880,54.0,-101.0,0.69
1089,CA005060999,56.0,-95.0,-0.35
1090,CA005060999,56.0,-95.0,0.31
1091,CA005061422,56.0,-97.0,0.12
1092,CA005061422,56.0,-97.0,0.84
1093,CA005061649,57.0,-101.0,-1.88
1094,CA005061649,57.0,-101.0,1.01
1095,CA005062840,59.0,-99.0,0.78
1096,CA005062840,59.0,-99.0,3.42
1097,CA005062921,56.0,-98.0,-0.56
1098,CA005062921,56.0,-98.0,-0.09
1099,CA005MB0201,50.0,-99.0,-3.95
1100,CA005MB0201,50.0,-99.0,-1.39
1101,CA005MB0202,50.0,-98.0,-2.41
1102,CA005MB0202,50.0,-98.0,-0.67
1103,CA005MB0203,49.0,-97.0,-1.67
1104,CA005MB0203,49.0,-97.0,-0.26
1105,CA005MB0204,50.0,-99.0,-3.45
1106,CA005MB0204,50.0,-99.0,-1.57
1107,CA005MB0205,51.0,-99.0,-0.88
1108,CA005MB0205,51.0,-99.0,0.17
1109,CA005MB0206,51.0,-97.0,-2.12
1110,CA005MB0206,51.0,-97.0,-1.1
1111,CA005MB0207,50.0,-97.0,-1.77
1112,CA005MB0207,50.0,-97.0,-0.01
1113,CA005MB0208,50.0,-100.0,-2.94
1114,CA005MB0208,50.0,-100.0,-2.24
1115,CA005MB0209,49.0,-100.0,-2.88
1116,CA005MB0209,49.0,-100.0,-1.78
1117,CA005MB0210,50.0,-97.0,-1.28
1118,CA005MB0210,50.0,-97.0,-1.15
1119,CA005MB0211,51.0,-100.0,-2.19
1120,CA005MB0211,51.0,-100.0,-1.88
1121,CA005MB0214,50.0,-101.0,-2.17
1122,CA005MB0214,50.0,-101.0,-0.35
1123,CA005MB0215,51.0,-101.0,-1.74
1124,CA005MB0215,51.0,-101.0,-0.23
1125,CA005MB0216,50.0,-101.0,-2.06
1126,CA005MB0216,50.0,-101.0,-0.3
1127,CA005MB0217,50.0,-97.0,-1.12
1128,CA005MB0217,50.0,-97.0,-0.06
1129,CA005MB0218,51.0,-98.0,-0.55
1130,CA005MB0218,51.0,-98.0,0.14
1131,CA005MB0219,51.0,-101.0,-2.46
1132,CA005MB0219,51.0,-101.0,-0.23
1133,CA005MB0220,49.0,-100.0,-3.37
1134,CA005MB0220,49.0,-100.0,-2.0
1135,CA005MB0221,50.0,-100.0,-3.32
1136,CA005MB0221,50.0,-100.0,-1.03
1137,CA005MB0222,49.0,-97.0,-2.37
1138,CA005MB0222,49.0,-97.0,-0.71
1139,CA005MB0223,50.0,-97.0,0.62
1140,CA005MB0223,50.0,-97.0,0.75
1141,CA005MB0224,50.0,-101.0,-2.72
1142,CA005MB0224,50.0,-101.0,-2.21
1143,CA005MB0225,50.0,-98.0,-2.33
1144,CA005MB0225,50.0,-98.0,-1.57
1145,CA005MB0230,49.0,-98.0,-1.47
1146,CA005MB0230,49.0,-98.0,-0.45
1147,CA005MB0231,52.0,-101.0,-3.46
1148,CA005MB0231,52.0,-101.0,-0.22
1149,CA005MB0232,49.0,-101.0,-2.42
1150,CA005MB0232,49.0,-101.0,-1.83
1151,CA005MB0233,50.0,-100.0,-2.11
1152,CA005MB0233,50.0,-100.0,-0.42
1153,CA005MB0235,50.0,-98.0,-2.51
1154,CA005MB0235,50.0,-98.0,-0.65
1155,CA005MB0237,50.0,-98.0,-3.34
1156,CA005MB0237,50.0,-98.0,-0.99
1157,CA005MB0239,50.0,-99.0,-2.96
1158,CA005MB0239,50.0,-99.0,-1.53
1159,CA005MB0240,50.0,-100.0,-2.1
1160,CA005MB0240,50.0,-100.0,-1.25
1161,CA005MB0241,49.0,-100.0,-1.97
1162,CA005MB0241,49.0,-100.0,-1.83
1163,CA005MB0242,49.0,-99.0,-2.25
1164,CA005MB0242,49.0,-99.0,0.38
1165,CA005MB0243,50.0,-97.0,-0.88
1166,CA005MB0243,50.0,-97.0,-0.05
1167,CA005MB0244,49.0,-98.0,-2.42
1168,CA005MB0244,49.0,-98.0,-0.85
1169,CA006010735,54.0,-90.0,0.39
1170,CA006010735,54.0,-90.0,1.03
1171,CA006012199,51.0,-93.0,2.77
1172,CA006012199,51.0,-93.0,4.27
1173,CA006014353,52.0,-88.0,-0.63
1174,CA006014353,52.0,-88.0,0.68
1175,CA006015026,53.0,-92.0,0.65
1176,CA006015026,53.0,-92.0,1.23
1177,CA006016525,51.0,-90.0,-1.93
1178,CA006016525,51.0,-90.0,1.1
1179,CA006017401,53.0,-93.0,-1.63
1180,CA006017401,53.0,-93.0,0.67
1181,CA006020LPQ,49.0,-92.0,-0.85
1182,CA006020LPQ,49.0,-92.0,0.87
1183,CA006022474,49.0,-93.0,0.78
1184,CA006022474,49.0,-93.0,1.48
1185,CA006032125,50.0,-93.0,-0.88
1186,CA006032125,50.0,-93.0,0.88
1187,CA006034075,50.0,-94.0,1.51
1188,CA006034075,50.0,-94.0,1.73
1189,CA006037776,50.0,-92.0,-0.87
1190,CA006037776,50.0,-92.0,2.09
1191,CA006040325,50.0,-89.0,0.49
1192,CA006040325,50.0,-89.0,0.66
1193,CA006041110,49.0,-88.0,-1.85
1194,CA006041110,49.0,-88.0,-0.1
1195,CA006041222,47.0,-86.0,1.01
1196,CA006041222,47.0,-86.0,1.04
1197,CA006042716,50.0,-87.0,-0.58
1198,CA006042716,50.0,-87.0,0.9
1199,CA006046768,49.0,-86.0,-0.83
1200,CA006046768,49.0,-86.0,1.69
1201,CA006048268,48.0,-89.0,-1.48
1202,CA006048268,48.0,-89.0,-0.02
1203,CA006049095,49.0,-90.0,-1.28
1204,CA006049095,49.0,-90.0,0.67
1205,CA006049443,48.0,-89.0,-2.26
1206,CA006049443,48.0,-89.0,0.24
1207,CA006054425,48.0,-89.0,2.43
1208,CA006054425,48.0,-89.0,3.16
1209,CA006057591,46.0,-85.0,1.3
1210,CA006057591,46.0,-85.0,1.66
1211,CA006068145,47.0,-81.0,0.36
1212,CA006068145,47.0,-81.0,1.78
1213,CA006072230,48.0,-80.0,0.24
1214,CA006072230,48.0,-80.0,1.83
1215,CA006073976,49.0,-82.0,-0.8
1216,CA006073976,49.0,-82.0,0.86
1217,CA006073980,49.0,-82.0,-1.27
1218,CA006073980,49.0,-82.0,0.12
1219,CA006075435,51.0,-81.0,-1.78
1220,CA006075435,51.0,-81.0,1.44
1221,CA006075543,50.0,-84.0,2.52
1222,CA006075543,50.0,-84.0,2.79
1223,CA006075786,52.0,-86.0,-2.45
1224,CA006075786,52.0,-86.0,1.43
1225,CA006078282,49.0,-81.0,0.61
1226,CA006078282,49.0,-81.0,2.33
1227,CA006080192,46.0,-78.0,0.01
1228,CA006080192,46.0,-78.0,2.97
1229,CA006092920,46.0,-83.0,0.43
1230,CA006092920,46.0,-83.0,0.93
1231,CA006100970,45.0,-76.0,0.1
1232,CA006100970,45.0,-76.0,3.32
1233,CA006101874,45.0,-75.0,-3.05
1234,CA006103367,44.0,-77.0,-3.0
1235,CA006104027,45.0,-76.0,0.04
1236,CA006104027,45.0,-76.0,2.32
1237,CA006104142,44.0,-77.0,0.04
1238,CA006104142,44.0,-77.0,1.38
1239,CA006105978,45.0,-76.0,0.04
1240,CA006105978,45.0,-76.0,3.82
1241,CA006106001,45.0,-76.0,-0.13
1242,CA006106001,45.0,-76.0,2.4
1243,CA006106367,46.0,-77.0,-0.07
1244,CA006106367,46.0,-77.0,0.74
1245,CA006106396,46.0,-77.0,0.6
1246,CA006106396,46.0,-77.0,3.38
1247,CA006110607,45.0,-79.0,0.19
1248,CA006110607,45.0,-79.0,2.81
1249,CA006111769,45.0,-80.0,1.16
1250,CA006111792,45.0,-80.0,0.3
1251,CA006111792,45.0,-80.0,3.35
1252,CA006115529,45.0,-79.0,-0.51
1253,CA006115529,45.0,-79.0,1.78
1254,CA006116257,45.0,-80.0,0.36
1255,CA006116257,45.0,-80.0,2.88
1256,CA006117700,44.0,-80.0,-0.12
1257,CA006117700,44.0,-80.0,2.53
1258,CA006119499,45.0,-81.0,0.53
1259,CA006119499,45.0,-81.0,3.25
1260,CA00611B002,44.0,-80.0,0.06
1261,CA00611B002,44.0,-80.0,2.98
1262,CA00611E001,44.0,-80.0,-0.82
1263,CA00611E001,44.0,-80.0,1.64
1264,CA006122847,44.0,-82.0,-0.46
1265,CA006122847,44.0,-82.0,2.14
1266,CA006127519,43.0,-82.0,-0.54
1267,CA006127519,43.0,-82.0,3.02
1268,CA006128330,45.0,-82.0,1.04
1269,CA006128330,45.0,-82.0,4.74
1270,CA006131983,43.0,-81.0,-0.72
1271,CA006131983,43.0,-81.0,2.25
1272,CA006133362,42.0,-83.0,-0.71
1273,CA006133362,42.0,-83.0,3.33
1274,CA006134190,42.0,-83.0,-3.66
1275,CA006135583,43.0,-82.0,-0.18
1276,CA006136699,43.0,-79.0,-0.73
1277,CA006136699,43.0,-79.0,1.01
1278,CA006137154,42.0,-82.0,-0.82
1279,CA006137154,42.0,-82.0,2.68
1280,CA006139148,43.0,-79.0,-0.86
1281,CA006139148,43.0,-79.0,1.12
1282,CA006139449,43.0,-79.0,-0.38
1283,CA006139449,43.0,-79.0,3.43
1284,CA00613P001,42.0,-83.0,-0.23
1285,CA00613P001,42.0,-83.0,3.52
1286,CA006140942,43.0,-80.0,-1.0
1287,CA006140942,43.0,-80.0,1.92
1288,CA006142286,44.0,-80.0,-0.96
1289,CA006142286,44.0,-80.0,1.93
1290,CA006142400,44.0,-80.0,0.53
1291,CA006143089,44.0,-80.0,-0.32
1292,CA006143089,44.0,-80.0,3.56
1293,CA006144239,43.0,-80.0,-1.16
1294,CA006144239,43.0,-80.0,1.77
1295,CA006144478,43.0,-81.0,-0.57
1296,CA006144478,43.0,-81.0,2.91
1297,CA006145504,44.0,-81.0,-0.12
1298,CA006145504,44.0,-81.0,1.08
1299,CA006147188,43.0,-80.0,-1.91
1300,CA006150689,44.0,-77.0,-0.74
1301,CA006151684,44.0,-78.0,-0.52
1302,CA006151684,44.0,-78.0,1.6
1303,CA006153193,43.0,-80.0,-0.73
1304,CA006153193,43.0,-80.0,2.41
1305,CA006153301,43.0,-80.0,-0.97
1306,CA006153301,43.0,-80.0,3.44
1307,CA006155875,44.0,-79.0,-0.95
1308,CA006155875,44.0,-79.0,1.4
1309,CA006156559,44.0,-77.0,-0.15
1310,CA006156559,44.0,-77.0,2.2
1311,CA006158355,44.0,-79.0,-0.85
1312,CA006158355,44.0,-79.0,1.26
1313,CA006158667,44.0,-79.0,-0.74
1314,CA006158667,44.0,-79.0,1.56
1315,CA006158731,44.0,-80.0,-0.68
1316,CA006158731,44.0,-80.0,2.25
1317,CA006158875,44.0,-78.0,-1.89
1318,CA006158875,44.0,-78.0,-0.08
1319,CA006158875,44.0,-78.0,2.52
1320,CA006166415,44.0,-78.0,-0.95
1321,CA006166415,44.0,-78.0,1.59
1322,CA006166456,44.0,-78.0,-0.2
1323,CA006166456,44.0,-78.0,3.66
1324,CA00616I001,45.0,-78.0,-0.12
1325,CA00616I001,45.0,-78.0,1.43
1326,CA007010565,47.0,-71.0,0.22
1327,CA007010565,47.0,-71.0,3.48
1328,CA007011983,47.0,-72.0,0.36
1329,CA007011983,47.0,-72.0,4.17
1330,CA007014160,46.0,-73.0,0.23
1331,CA007014160,46.0,-73.0,0.24
1332,CA007014160,46.0,-73.0,4.32
1333,CA007015791,48.0,-71.0,0.32
1334,CA007015791,48.0,-71.0,3.71
1335,CA007018001,47.0,-73.0,0.36
1336,CA007018001,47.0,-73.0,4.8
1337,CA007018562,46.0,-73.0,0.27
1338,CA007018562,46.0,-73.0,5.41
1339,CA007018563,46.0,-73.0,0.15
1340,CA007018563,46.0,-73.0,4.03
1341,CA00701Q004,47.0,-71.0,0.24
1342,CA00701Q004,47.0,-71.0,3.73
1343,CA00701Q009,46.0,-72.0,0.08
1344,CA00701Q009,46.0,-72.0,3.68
1345,CA00701S001,47.0,-71.0,0.39
1346,CA00701S001,47.0,-71.0,4.15
1347,CA007022579,45.0,-73.0,0.1
1348,CA007022579,45.0,-73.0,4.57
1349,CA007024280,45.0,-72.0,-1.54
1350,CA007024280,45.0,-72.0,-0.75
1351,CA007024280,45.0,-72.0,4.03
1352,CA007024745,46.0,-74.0,0.29
1353,CA007024745,46.0,-74.0,4.49
1354,CA007025442,46.0,-73.0,0.08
1355,CA007025442,46.0,-73.0,4.16
1356,CA007027039,45.0,-74.0,0.11
1357,CA007027039,45.0,-74.0,3.96
1358,CA007027329,46.0,-73.0,0.15
1359,CA007027329,46.0,-73.0,4.66
1360,CA007027470,46.0,-73.0,-0.24
1361,CA007027470,46.0,-73.0,4.1
1362,CA007028123,45.0,-72.0,0.15
1363,CA007028123,45.0,-72.0,4.23
1364,CA007028442,46.0,-71.0,0.03
1365,CA007028442,46.0,-71.0,3.47
1366,CA007028754,46.0,-71.0,0.01
1367,CA007028754,46.0,-71.0,2.7
1368,CA00702FHL8,45.0,-74.0,0.42
1369,CA00702FHL8,45.0,-74.0,3.3
1370,CA00702FQLF,45.0,-74.0,-0.09
1371,CA00702FQLF,45.0,-74.0,4.07
1372,CA00702LED4,45.0,-73.0,0.15
1373,CA00702LED4,45.0,-73.0,4.58
1374,CA00702S006,45.0,-74.0,0.36
1375,CA00702S006,45.0,-74.0,3.75
1376,CA007033121,46.0,-76.0,0.78
1377,CA007033121,46.0,-76.0,3.47
1378,CA007034482,46.0,-76.0,-0.07
1379,CA007034482,46.0,-76.0,2.46
1380,CA00703GDKB,46.0,-75.0,0.23
1381,CA00703GDKB,46.0,-75.0,2.99
1382,CA007040442,49.0,-68.0,-0.14
1383,CA007040442,49.0,-68.0,1.69
1384,CA007040815,51.0,-57.0,1.27
1385,CA007040815,51.0,-57.0,3.72
1386,CA007041312,47.0,-71.0,0.01
1387,CA007041312,47.0,-71.0,7.58
1388,CA007041382,50.0,-60.0,0.81
1389,CA007041382,50.0,-60.0,5.31
1390,CA007041JG6,47.0,-71.0,0.14
1391,CA007041JG6,47.0,-71.0,3.74
1392,CA007042395,47.0,-71.0,0.23
1393,CA007042395,47.0,-71.0,3.55
1394,CA007043019,50.0,-64.0,-0.09
1395,CA007043019,50.0,-64.0,2.3
1396,CA007045401,50.0,-62.0,-0.09
1397,CA007045401,50.0,-62.0,2.03
1398,CA007047914,50.0,-66.0,-0.18
1399,CA007047914,50.0,-66.0,2.82
1400,CA00704F0PN,49.0,-67.0,-0.11
1401,CA00704F0PN,49.0,-67.0,2.03
1402,CA00704Q003,50.0,-66.0,-0.06
1403,CA00704Q003,50.0,-66.0,2.74
1404,CA00704S001,49.0,-68.0,-0.19
1405,CA00704S001,49.0,-68.0,3.11
1406,CA007051050,48.0,-64.0,-0.19
1407,CA007051050,48.0,-64.0,5.75
1408,CA007051163,49.0,-65.0,-0.25
1409,CA007051163,49.0,-65.0,1.77
1410,CA007052601,49.0,-64.0,-0.19
1411,CA007052601,49.0,-64.0,5.82
1412,CA007053KGR,47.0,-62.0,0.59
1413,CA007053KGR,47.0,-62.0,4.33
1414,CA007054096,47.0,-70.0,0.28
1415,CA007054096,47.0,-70.0,1.49
1416,CA007055120,49.0,-68.0,0.27
1417,CA007055120,49.0,-68.0,2.75
1418,CA007055122,49.0,-68.0,0.07
1419,CA007055122,49.0,-68.0,0.95
1420,CA007055422,48.0,-65.0,-0.17
1421,CA007055422,48.0,-65.0,4.85
1422,CA007056068,49.0,-68.0,0.15
1423,CA007056068,49.0,-68.0,1.41
1424,CA007056202,50.0,-64.0,-0.16
1425,CA007056202,50.0,-64.0,2.05
1426,CA007056616,48.0,-70.0,0.02
1427,CA007056616,48.0,-70.0,1.5
1428,CA00705S002,49.0,-67.0,-0.07
1429,CA00705S002,49.0,-67.0,0.5
1430,CA007060400,48.0,-71.0,-1.88
1431,CA007060400,48.0,-71.0,0.26
1432,CA007060400,48.0,-71.0,2.81
1433,CA007060826,51.0,-71.0,0.56
1434,CA007060826,51.0,-71.0,4.28
1435,CA007063370,48.0,-71.0,0.42
1436,CA007063370,48.0,-71.0,1.97
1437,CA007064181,48.0,-71.0,0.56
1438,CA007064181,48.0,-71.0,2.79
1439,CA007065012,49.0,-72.0,0.18
1440,CA007065012,49.0,-72.0,1.95
1441,CA007065639,49.0,-73.0,0.28
1442,CA007065639,49.0,-73.0,3.27
1443,CA007065738,49.0,-71.0,0.97
1444,CA007065738,49.0,-71.0,3.43
1445,CA007066685,49.0,-72.0,0.53
1446,CA007066685,49.0,-72.0,3.76
1447,CA00706Q001,48.0,-71.0,0.25
1448,CA00706Q001,48.0,-71.0,1.79
1449,CA007075800,48.0,-75.0,0.52
1450,CA007075800,48.0,-75.0,2.36
1451,CA007077571,47.0,-74.0,0.41
1452,CA007077571,47.0,-74.0,2.94
1453,CA00707DBD4,47.0,-73.0,0.46
1454,CA00707DBD4,47.0,-73.0,2.84
1455,CA007080468,47.0,-79.0,-2.23
1456,CA007080468,47.0,-79.0,0.41
1457,CA007080468,47.0,-79.0,1.22
1458,CA007086716,48.0,-79.0,0.73
1459,CA007086716,48.0,-79.0,4.63
1460,CA007091299,50.0,-75.0,0.89
1461,CA007091299,50.0,-75.0,1.49
1462,CA007093715,54.0,-78.0,-2.32
1463,CA007093715,54.0,-78.0,0.19
1464,CA007094637,50.0,-78.0,1.04
1465,CA007094637,50.0,-78.0,1.07
1466,CA007098603,48.0,-78.0,0.35
1467,CA007098603,48.0,-78.0,2.65
1468,CA007117823,55.0,-67.0,0.22
1469,CA007117823,55.0,-67.0,1.25
1470,CA007MQCMAI,48.0,-70.0,-0.01
1471,CA007MQCMAI,48.0,-70.0,3.92
1472,CA007MQCMGB,45.0,-73.0,-0.02
1473,CA007MQCMGB,45.0,-73.0,3.43
1474,CA007MQCMKG,47.0,-76.0,0.02
1475,CA007MQCMKG,47.0,-76.0,2.41
1476,CA007MQCMMW,47.0,-74.0,0.52
1477,CA007MQCMMW,47.0,-74.0,2.36
1478,CA007MQCMRE,47.0,-73.0,0.41
1479,CA007MQCMRE,47.0,-73.0,3.52
1480,CA007MQCMRS,48.0,-78.0,0.4
1481,CA007MQCMRS,48.0,-78.0,3.74
1482,CA007MQCMTS,49.0,-78.0,0.66
1483,CA007MQCMTS,49.0,-78.0,2.53
1484,CA007MQCQBF,47.0,-72.0,0.36
1485,CA007MQCQBF,47.0,-72.0,3.8
1486,CA007MQCQCD,49.0,-72.0,1.33
1487,CA007MQCQCD,49.0,-72.0,5.51
1488,CA007MQCQDF,47.0,-72.0,0.06
1489,CA007MQCQDF,47.0,-72.0,4.19
1490,CA007MQCQDU,48.0,-69.0,-0.02
1491,CA007MQCQDU,48.0,-69.0,1.42
1492,CA007MQCQEO,49.0,-69.0,0.07
1493,CA007MQCQEO,49.0,-69.0,3.65
1494,CA007MQCQES,48.0,-69.0,0.69
1495,CA007MQCQES,48.0,-69.0,3.21
1496,CA007MQCQHA,49.0,-78.0,0.91
1497,CA007MQCQHA,49.0,-78.0,2.45
1498,CA007MQCQLA,46.0,-76.0,0.42
1499,CA007MQCQLA,46.0,-76.0,3.83
1500,CA007MQCQMO,47.0,-70.0,0.4
1501,CA007MQCQMO,47.0,-70.0,3.71
1502,CA007MQCQMT,49.0,-79.0,1.38
1503,CA007MQCQMT,49.0,-79.0,1.5
1504,CA007MQCQPA,46.0,-75.0,0.12
1505,CA007MQCQPA,46.0,-75.0,3.63
1506,CA007MQCQPM,48.0,-69.0,0.07
1507,CA007MQCQPM,48.0,-69.0,1.39
1508,CA007MQCQSL,47.0,-74.0,0.52
1509,CA007MQCQSL,47.0,-74.0,2.7
1510,CA007MQCQST,47.0,-73.0,0.1
1511,CA007MQCQST,47.0,-73.0,3.74
1512,CA007MQCWFQ,45.0,-73.0,0.04
1513,CA007MQCWFQ,45.0,-73.0,4.32
1514,CA007MQCYMX,46.0,-74.0,0.3
1515,CA007MQCYMX,46.0,-74.0,4.12
1516,CA007MQCYND,46.0,-76.0,0.13
1517,CA007MQCYND,46.0,-76.0,4.01
1518,CA007MQCYOY,47.0,-72.0,0.51
1519,CA007MQCYOY,47.0,-72.0,3.72
1520,CA008100467,48.0,-65.0,-0.25
1521,CA008100467,48.0,-65.0,5.3
1522,CA008100593,46.0,-65.0,0.37
1523,CA008100593,46.0,-65.0,4.41
1524,CA008100885,48.0,-66.0,0.18
1525,CA008100885,48.0,-66.0,3.3
1526,CA008100989,47.0,-65.0,-0.3
1527,CA008100989,47.0,-65.0,3.68
1528,CA008101201,47.0,-66.0,0.13
1529,CA008101201,47.0,-66.0,4.79
1530,CA008101303,47.0,-68.0,0.05
1531,CA008101303,47.0,-68.0,4.4
1532,CA008101505,46.0,-67.0,-0.69
1533,CA008101505,46.0,-67.0,3.46
1534,CA008101605,46.0,-67.0,0.13
1535,CA008101605,46.0,-67.0,5.05
1536,CA008101746,46.0,-65.0,0.12
1537,CA008101746,46.0,-65.0,3.56
1538,CA008101794,46.0,-66.0,-0.47
1539,CA008101794,46.0,-66.0,4.14
1540,CA008102848,46.0,-65.0,-0.06
1541,CA008102848,46.0,-65.0,5.11
1542,CA008103050,48.0,-64.0,-0.17
1543,CA008103050,48.0,-64.0,3.23
1544,CA008103201,46.0,-65.0,0.28
1545,CA008103201,46.0,-65.0,2.86
1546,CA008104201,45.0,-66.0,-0.33
1547,CA008104201,45.0,-66.0,5.17
1548,CA008104295,47.0,-66.0,-0.17
1549,CA008104295,47.0,-66.0,5.39
1550,CA008104900,45.0,-66.0,-0.46
1551,CA008104900,45.0,-66.0,4.2
1552,CA008104935,45.0,-67.0,-0.16
1553,CA008104935,45.0,-67.0,4.65
1554,CA008105210,46.0,-66.0,-0.44
1555,CA008105210,46.0,-66.0,4.14
1556,CA008200255,43.0,-65.0,0.54
1557,CA008200255,43.0,-65.0,4.14
1558,CA008200604,44.0,-66.0,-0.37
1559,CA008200604,44.0,-66.0,3.43
1560,CA008200774,46.0,-63.0,0.8
1561,CA008200774,46.0,-63.0,3.55
1562,CA008201001,45.0,-62.0,2.53
1563,CA008201001,45.0,-62.0,5.88
1564,CA008201390,45.0,-63.0,0.66
1565,CA008201390,45.0,-63.0,4.07
1566,CA008201780,46.0,-61.0,1.72
1567,CA008201780,46.0,-61.0,4.37
1568,CA008202000,45.0,-65.0,0.4
1569,CA008202000,45.0,-65.0,0.98
1570,CA008202000,45.0,-65.0,4.05
1571,CA008202251,45.0,-64.0,0.57
1572,CA008202251,45.0,-64.0,4.09
1573,CA008202502,47.0,-60.0,1.37
1574,CA008202502,47.0,-60.0,4.43
1575,CA008202592,44.0,-65.0,0.17
1576,CA008202592,44.0,-65.0,4.39
1577,CA008202810,45.0,-64.0,0.36
1578,CA008202810,45.0,-64.0,4.13
1579,CA008203702,46.0,-64.0,0.65
1580,CA008203702,46.0,-64.0,3.09
1581,CA008204161,47.0,-61.0,0.86
1582,CA008204161,47.0,-61.0,4.55
1583,CA008204193,45.0,-63.0,1.04
1584,CA008204193,45.0,-63.0,4.43
1585,CA008204402,45.0,-64.0,0.45
1586,CA008204402,45.0,-64.0,3.57
1587,CA008204495,46.0,-61.0,0.94
1588,CA008204495,46.0,-61.0,6.27
1589,CA008205092,45.0,-64.0,0.91
1590,CA008205092,45.0,-64.0,4.5
1591,CA008205702,46.0,-60.0,1.51
1592,CA008205702,46.0,-60.0,4.54
1593,CA008205895,46.0,-62.0,1.38
1594,CA008205895,46.0,-62.0,4.9
1595,CA008206240,44.0,-65.0,0.92
1596,CA008206240,44.0,-65.0,4.03
1597,CA008206491,44.0,-66.0,0.1
1598,CA008206491,44.0,-66.0,3.26
1599,CA008300300,46.0,-63.0,0.63
1600,CA008300300,46.0,-63.0,3.53
1601,CA008300418,46.0,-62.0,0.64
1602,CA008300418,46.0,-62.0,2.92
1603,CA008300516,47.0,-64.0,0.09
1604,CA008300516,47.0,-64.0,2.96
1605,CA008300562,46.0,-63.0,0.95
1606,CA008300562,46.0,-63.0,4.48
1607,CA008300596,46.0,-64.0,0.33
1608,CA008300596,46.0,-64.0,2.4
1609,CA00830P001,46.0,-63.0,0.52
1610,CA00830P001,46.0,-63.0,4.04
1611,CA008400301,49.0,-56.0,0.8
1612,CA008400301,49.0,-56.0,2.65
1613,CA008400601,49.0,-53.0,1.74
1614,CA008400601,49.0,-53.0,2.75
1615,CA008400801,48.0,-58.0,0.59
1616,CA008400801,48.0,-58.0,3.63
1617,CA008401295,49.0,-57.0,1.01
1618,CA008401295,49.0,-57.0,3.67
1619,CA008401298,49.0,-58.0,0.84
1620,CA008401298,49.0,-58.0,4.66
1621,CA008401300,49.0,-58.0,2.47
1622,CA008401501,49.0,-57.0,1.49
1623,CA008401501,49.0,-57.0,4.89
1624,CA008401700,49.0,-55.0,0.43
1625,CA008401700,49.0,-55.0,1.18
1626,CA008402520,50.0,-56.0,0.6
1627,CA008402520,50.0,-56.0,5.06
1628,CA008402757,49.0,-57.0,0.74
1629,CA008402757,49.0,-57.0,2.96
1630,CA008403389,51.0,-56.0,-0.08
1631,CA008403389,51.0,-56.0,2.7
1632,CA008403399,51.0,-56.0,0.37
1633,CA008403399,51.0,-56.0,2.24
1634,CA008403505,48.0,-53.0,0.83
1635,CA008403505,48.0,-53.0,2.17
1636,CA008403603,48.0,-53.0,1.29
1637,CA008403603,48.0,-53.0,2.03
1638,CA008403619,47.0,-55.0,0.61
1639,CA008403619,47.0,-55.0,3.36
1640,CA008403801,49.0,-59.0,1.18
1641,CA008403801,49.0,-59.0,4.11
1642,CA008403820,49.0,-59.0,1.12
1643,CA008403820,49.0,-59.0,3.63
1644,CA008403851,49.0,-54.0,0.2
1645,CA008403851,49.0,-54.0,2.11
1646,CA008404025,50.0,-55.0,0.35
1647,CA008404025,50.0,-55.0,2.42
1648,CA008404343,48.0,-59.0,1.34
1649,CA008404343,48.0,-59.0,3.79
1650,CA008501130,54.0,-64.0,0.16
1651,CA008501130,54.0,-64.0,1.86
1652,CA008501900,53.0,-60.0,-2.97
1653,CA008501900,53.0,-60.0,0.35
1654,CA008501900,53.0,-60.0,2.29
1655,CA008502592,52.0,-56.0,3.0
1656,CA008502592,52.0,-56.0,4.57
1657,CA008504175,53.0,-67.0,0.14
1658,CA008504175,53.0,-67.0,1.47
1659,CA008MQANFI,47.0,-67.0,-0.08
1660,CA008MQANFI,47.0,-67.0,3.87
1661,CA008MQCZCR,48.0,-66.0,0.03
1662,CA008MQCZCR,48.0,-66.0,2.66
1663,US-DIV00101,35.0,-87.0,-1.67
1664,US-DIV00101,35.0,-87.0,-1.08
1665,US-DIV00101,35.0,-87.0,-0.64
1666,US-DIV00102,34.0,-87.0,-1.82
1667,US-DIV00102,34.0,-87.0,-1.51
1668,US-DIV00102,34.0,-87.0,-1.01
1669,US-DIV00103,34.0,-88.0,-1.47
1670,US-DIV00103,34.0,-88.0,-0.5
1671,US-DIV00103,34.0,-88.0,-0.35
1672,US-DIV00104,34.0,-86.0,-1.65
1673,US-DIV00104,34.0,-86.0,-0.91
1674,US-DIV00104,34.0,-86.0,-0.84
1675,US-DIV00105,33.0,-86.0,0.17
1676,US-DIV00105,33.0,-86.0,1.12
1677,US-DIV00106,32.0,-87.0,-0.75
1678,US-DIV00106,32.0,-87.0,-0.51
1679,US-DIV00106,32.0,-87.0,0.52
1680,US-DIV00107,32.0,-87.0,-1.4
1681,US-DIV00107,32.0,-87.0,-1.28
1682,US-DIV00107,32.0,-87.0,-0.97
1683,US-DIV00108,31.0,-88.0,-2.6
1684,US-DIV00108,31.0,-88.0,-2.56
1685,US-DIV00201,36.0,-114.0,-0.79
1686,US-DIV00201,36.0,-114.0,0.08
1687,US-DIV00201,36.0,-114.0,1.42
1688,US-DIV00202,36.0,-111.0,-1.52
1689,US-DIV00202,36.0,-111.0,-1.47
1690,US-DIV00202,36.0,-111.0,-0.06
1691,US-DIV00203,35.0,-113.0,-1.8
1692,US-DIV00203,35.0,-113.0,-1.28
1693,US-DIV00203,35.0,-113.0,1.07
1694,US-DIV00204,34.0,-111.0,-2.02
1695,US-DIV00204,34.0,-111.0,-1.43
1696,US-DIV00204,34.0,-111.0,1.26
1697,US-DIV00205,33.0,-114.0,0.89
1698,US-DIV00205,33.0,-114.0,1.34
1699,US-DIV00206,33.0,-112.0,-0.87
1700,US-DIV00206,33.0,-112.0,0.26
1701,US-DIV00206,33.0,-112.0,1.44
1702,US-DIV00207,32.0,-110.0,-1.33
1703,US-DIV00207,32.0,-110.0,-0.28
1704,US-DIV00207,32.0,-110.0,0.88
1705,US-DIV00301,36.0,-94.0,-1.77
1706,US-DIV00301,36.0,-94.0,-0.59
1707,US-DIV00302,36.0,-92.0,-2.12
1708,US-DIV00302,36.0,-92.0,-0.71
1709,US-DIV00303,36.0,-91.0,-1.87
1710,US-DIV00303,36.0,-91.0,-0.44
1711,US-DIV00303,36.0,-91.0,0.66
1712,US-DIV00304,35.0,-94.0,-2.1
1713,US-DIV00304,35.0,-94.0,-0.7
1714,US-DIV00305,35.0,-93.0,-1.98
1715,US-DIV00305,35.0,-93.0,-0.23
1716,US-DIV00305,35.0,-93.0,0.84
1717,US-DIV00306,35.0,-91.0,-1.76
1718,US-DIV00306,35.0,-91.0,-1.2
1719,US-DIV00306,35.0,-91.0,-1.07
1720,US-DIV00307,34.0,-94.0,-1.79
1721,US-DIV00307,34.0,-94.0,0.81
1722,US-DIV00307,34.0,-94.0,1.64
1723,US-DIV00308,34.0,-93.0,-1.65
1724,US-DIV00308,34.0,-93.0,-0.51
1725,US-DIV00308,34.0,-93.0,0.57
1726,US-DIV00309,34.0,-92.0,-1.63
1727,US-DIV00309,34.0,-92.0,-1.3
1728,US-DIV00309,34.0,-92.0,-0.97
1729,US-DIV00401,41.0,-124.0,1.19
1730,US-DIV00401,41.0,-124.0,1.71
1731,US-DIV00402,40.0,-122.0,0.6
1732,US-DIV00402,40.0,-122.0,1.8
1733,US-DIV00403,41.0,-121.0,-1.37
1734,US-DIV00403,41.0,-121.0,-0.94
1735,US-DIV00403,41.0,-121.0,0.74
1736,US-DIV00404,37.0,-121.0,0.98
1737,US-DIV00404,37.0,-121.0,2.26
1738,US-DIV00405,37.0,-120.0,-1.26
1739,US-DIV00405,37.0,-120.0,-0.29
1740,US-DIV00405,37.0,-120.0,2.01
1741,US-DIV00406,34.0,-118.0,2.1
1742,US-DIV00406,34.0,-118.0,2.21
1743,US-DIV00406,34.0,-118.0,4.75
1744,US-DIV00407,35.0,-116.0,1.1
1745,US-DIV00407,35.0,-116.0,1.75
1746,US-DIV00407,35.0,-116.0,2.53
1747,US-DIV00501,38.0,-104.0,0.6
1748,US-DIV00501,38.0,-104.0,0.95
1749,US-DIV00502,39.0,-108.0,-3.54
1750,US-DIV00502,39.0,-108.0,-0.59
1751,US-DIV00503,40.0,-102.0,-0.66
1752,US-DIV00503,40.0,-102.0,0.2
1753,US-DIV00503,40.0,-102.0,1.13
1754,US-DIV00504,40.0,-104.0,2.12
1755,US-DIV00504,40.0,-104.0,2.61
1756,US-DIV00504,40.0,-104.0,2.79
1757,US-DIV00505,38.0,-106.0,-3.54
1758,US-DIV00505,38.0,-106.0,-0.7
1759,US-DIV00601,42.0,-73.0,-2.1
1760,US-DIV00601,42.0,-73.0,2.46
1761,US-DIV00601,42.0,-73.0,3.31
1762,US-DIV00602,42.0,-73.0,-2.62
1763,US-DIV00602,42.0,-73.0,1.96
1764,US-DIV00602,42.0,-73.0,3.02
1765,US-DIV00603,41.0,-73.0,-2.7
1766,US-DIV00603,41.0,-73.0,0.9
1767,US-DIV00603,41.0,-73.0,2.04
1768,US-DIV00701,39.0,-76.0,-1.54
1769,US-DIV00701,39.0,-76.0,0.79
1770,US-DIV00701,39.0,-76.0,1.53
1771,US-DIV00702,39.0,-76.0,-1.96
1772,US-DIV00702,39.0,-76.0,0.46
1773,US-DIV00702,39.0,-76.0,1.39
1774,US-DIV00801,31.0,-86.0,-1.66
1775,US-DIV00801,31.0,-86.0,-1.38
1776,US-DIV00801,31.0,-86.0,-0.66
1777,US-DIV00802,30.0,-83.0,-1.15
1778,US-DIV00802,30.0,-83.0,0.18
1779,US-DIV00802,30.0,-83.0,0.89
1780,US-DIV00803,29.0,-82.0,-0.27
1781,US-DIV00803,29.0,-82.0,0.49
1782,US-DIV00803,29.0,-82.0,0.85
1783,US-DIV00804,28.0,-82.0,0.04
1784,US-DIV00804,28.0,-82.0,0.75
1785,US-DIV00805,26.0,-81.0,1.0
1786,US-DIV00805,26.0,-81.0,1.46
1787,US-DIV00806,26.0,-80.0,0.73
1788,US-DIV00806,26.0,-80.0,2.45
1789,US-DIV00806,26.0,-80.0,2.53
1790,US-DIV00807,25.0,-81.0,1.67
1791,US-DIV00807,25.0,-81.0,2.39
1792,US-DIV00901,34.0,-85.0,-2.13
1793,US-DIV00901,34.0,-85.0,-2.02
1794,US-DIV00901,34.0,-85.0,-1.81
1795,US-DIV00902,34.0,-84.0,-1.22
1796,US-DIV00902,34.0,-84.0,-1.01
1797,US-DIV00902,34.0,-84.0,-0.12
1798,US-DIV00903,34.0,-83.0,-1.0
1799,US-DIV00903,34.0,-83.0,-0.83
1800,US-DIV00903,34.0,-83.0,0.5
1801,US-DIV00904,33.0,-85.0,-0.68
1802,US-DIV00904,33.0,-85.0,-0.41
1803,US-DIV00904,33.0,-85.0,0.41
1804,US-DIV00905,33.0,-83.0,-0.0
1805,US-DIV00905,33.0,-83.0,0.43
1806,US-DIV00905,33.0,-83.0,0.46
1807,US-DIV00906,33.0,-82.0,0.11
1808,US-DIV00906,33.0,-82.0,0.64
1809,US-DIV00906,33.0,-82.0,1.26
1810,US-DIV00907,31.0,-85.0,-1.26
1811,US-DIV00907,31.0,-85.0,-0.99
1812,US-DIV00908,31.0,-83.0,-0.72
1813,US-DIV00908,31.0,-83.0,-0.42
1814,US-DIV00909,32.0,-82.0,-0.24
1815,US-DIV00909,32.0,-82.0,1.1
1816,US-DIV00909,32.0,-82.0,1.4
1817,US-DIV01001,48.0,-117.0,-3.2
1818,US-DIV01001,48.0,-117.0,-0.95
1819,US-DIV01002,46.0,-116.0,-3.74
1820,US-DIV01002,46.0,-116.0,-0.63
1821,US-DIV01003,46.0,-117.0,-3.26
1822,US-DIV01003,46.0,-117.0,-0.52
1823,US-DIV01004,45.0,-115.0,-2.75
1824,US-DIV01004,45.0,-115.0,-0.66
1825,US-DIV01005,44.0,-117.0,-0.9
1826,US-DIV01005,44.0,-117.0,-0.84
1827,US-DIV01005,44.0,-117.0,-0.26
1828,US-DIV01006,42.0,-116.0,0.68
1829,US-DIV01006,42.0,-116.0,0.95
1830,US-DIV01006,42.0,-116.0,1.24
1831,US-DIV01007,43.0,-114.0,-1.07
1832,US-DIV01007,43.0,-114.0,-0.4
1833,US-DIV01007,43.0,-114.0,0.25
1834,US-DIV01008,45.0,-114.0,-0.94
1835,US-DIV01008,45.0,-114.0,-0.37
1836,US-DIV01008,45.0,-114.0,0.86
1837,US-DIV01009,43.0,-113.0,0.69
1838,US-DIV01009,43.0,-113.0,1.28
1839,US-DIV01009,43.0,-113.0,1.83
1840,US-DIV01010,43.0,-112.0,1.71
1841,US-DIV01010,43.0,-112.0,1.74
1842,US-DIV01010,43.0,-112.0,2.28
1843,US-DIV01101,42.0,-90.0,-2.08
1844,US-DIV01101,42.0,-90.0,-1.97
1845,US-DIV01102,42.0,-89.0,-1.76
1846,US-DIV01102,42.0,-89.0,-0.59
1847,US-DIV01102,42.0,-89.0,-0.0
1848,US-DIV01103,41.0,-91.0,-2.79
1849,US-DIV01103,41.0,-91.0,-2.23
1850,US-DIV01104,41.0,-89.0,-2.13
1851,US-DIV01104,41.0,-89.0,-1.81
1852,US-DIV01104,41.0,-89.0,-1.63
1853,US-DIV01105,41.0,-88.0,-1.9
1854,US-DIV01105,41.0,-88.0,-0.63
1855,US-DIV01106,39.0,-90.0,-2.36
1856,US-DIV01106,39.0,-90.0,-2.04
1857,US-DIV01107,39.0,-88.0,-2.57
1858,US-DIV01107,39.0,-88.0,-2.52
1859,US-DIV01107,39.0,-88.0,-2.37
1860,US-DIV01108,38.0,-90.0,-3.28
1861,US-DIV01108,38.0,-90.0,-3.07
1862,US-DIV01109,38.0,-89.0,-3.16
1863,US-DIV01109,38.0,-89.0,-2.83
1864,US-DIV01201,41.0,-87.0,-1.66
1865,US-DIV01201,41.0,-87.0,-0.55
1866,US-DIV01201,41.0,-87.0,0.55
1867,US-DIV01202,41.0,-86.0,-2.21
1868,US-DIV01202,41.0,-86.0,-1.78
1869,US-DIV01202,41.0,-86.0,-1.63
1870,US-DIV01203,41.0,-85.0,-1.81
1871,US-DIV01203,41.0,-85.0,-1.78
1872,US-DIV01203,41.0,-85.0,-1.37
1873,US-DIV01204,40.0,-87.0,-3.1
1874,US-DIV01204,40.0,-87.0,-2.95
1875,US-DIV01204,40.0,-87.0,-2.12
1876,US-DIV01205,40.0,-86.0,-3.44
1877,US-DIV01205,40.0,-86.0,-1.88
1878,US-DIV01206,40.0,-85.0,-2.81
1879,US-DIV01206,40.0,-85.0,-2.78
1880,US-DIV01206,40.0,-85.0,-1.92
1881,US-DIV01207,39.0,-87.0,-2.72
1882,US-DIV01207,39.0,-87.0,-2.7
1883,US-DIV01208,39.0,-86.0,-2.39
1884,US-DIV01208,39.0,-86.0,-1.8
1885,US-DIV01208,39.0,-86.0,-1.42
1886,US-DIV01209,39.0,-85.0,-1.92
1887,US-DIV01209,39.0,-85.0,-1.49
1888,US-DIV01209,39.0,-85.0,-0.87
1889,US-DIV01301,43.0,-96.0,-0.79
1890,US-DIV01301,43.0,-96.0,0.4
1891,US-DIV01301,43.0,-96.0,0.94
1892,US-DIV01302,43.0,-94.0,-3.95
1893,US-DIV01302,43.0,-94.0,-2.6
1894,US-DIV01303,43.0,-92.0,-4.44
1895,US-DIV01303,43.0,-92.0,-2.23
1896,US-DIV01304,42.0,-95.0,-3.29
1897,US-DIV01304,42.0,-95.0,-2.06
1898,US-DIV01305,42.0,-93.0,-3.8
1899,US-DIV01305,42.0,-93.0,-2.45
1900,US-DIV01306,42.0,-91.0,-4.2
1901,US-DIV01306,42.0,-91.0,-2.28
1902,US-DIV01307,41.0,-95.0,-4.11
1903,US-DIV01307,41.0,-95.0,-2.82
1904,US-DIV01308,41.0,-94.0,-3.55
1905,US-DIV01308,41.0,-94.0,-2.39
1906,US-DIV01309,41.0,-92.0,-3.35
1907,US-DIV01309,41.0,-92.0,-3.24
1908,US-DIV01309,41.0,-92.0,-2.14
1909,US-DIV01401,40.0,-101.0,-2.37
1910,US-DIV01401,40.0,-101.0,-1.87
1911,US-DIV01401,40.0,-101.0,0.45
1912,US-DIV01402,40.0,-98.0,-3.72
1913,US-DIV01402,40.0,-98.0,-3.47
1914,US-DIV01402,40.0,-98.0,-0.86
1915,US-DIV01403,40.0,-96.0,-2.3
1916,US-DIV01403,40.0,-96.0,-2.16
1917,US-DIV01403,40.0,-96.0,-1.65
1918,US-DIV01404,39.0,-101.0,-1.75
1919,US-DIV01404,39.0,-101.0,-0.54
1920,US-DIV01404,39.0,-101.0,0.28
1921,US-DIV01405,39.0,-98.0,-2.6
1922,US-DIV01405,39.0,-98.0,-1.82
1923,US-DIV01405,39.0,-98.0,-0.59
1924,US-DIV01406,39.0,-96.0,-0.93
1925,US-DIV01406,39.0,-96.0,-0.81
1926,US-DIV01406,39.0,-96.0,0.35
1927,US-DIV01407,38.0,-101.0,-0.22
1928,US-DIV01407,38.0,-101.0,0.88
1929,US-DIV01407,38.0,-101.0,1.1
1930,US-DIV01408,38.0,-98.0,-0.96
1931,US-DIV01408,38.0,-98.0,-0.53
1932,US-DIV01408,38.0,-98.0,0.27
1933,US-DIV01409,38.0,-96.0,-2.1
1934,US-DIV01409,38.0,-96.0,-1.48
1935,US-DIV01409,38.0,-96.0,-0.48
1936,US-DIV01501,37.0,-88.0,-2.45
1937,US-DIV01501,37.0,-88.0,-1.49
1938,US-DIV01501,37.0,-88.0,-1.26
1939,US-DIV01502,37.0,-86.0,-1.53
1940,US-DIV01502,37.0,-86.0,-1.25
1941,US-DIV01502,37.0,-86.0,-0.98
1942,US-DIV01503,38.0,-85.0,-1.23
1943,US-DIV01503,38.0,-85.0,-1.07
1944,US-DIV01503,38.0,-85.0,-0.19
1945,US-DIV01504,38.0,-83.0,-1.37
1946,US-DIV01504,38.0,-83.0,-0.74
1947,US-DIV01504,38.0,-83.0,-0.24
1948,US-DIV01601,32.0,-94.0,-1.25
1949,US-DIV01601,32.0,-94.0,-1.06
1950,US-DIV01601,32.0,-94.0,-0.03
1951,US-DIV01602,32.0,-93.0,-1.94
1952,US-DIV01602,32.0,-93.0,-1.01
1953,US-DIV01602,32.0,-93.0,-0.88
1954,US-DIV01603,33.0,-92.0,-2.26
1955,US-DIV01603,33.0,-92.0,-1.61
1956,US-DIV01603,33.0,-92.0,-0.98
1957,US-DIV01604,31.0,-93.0,-2.32
1958,US-DIV01604,31.0,-93.0,-1.02
1959,US-DIV01604,31.0,-93.0,-0.51
1960,US-DIV01605,31.0,-92.0,-2.8
1961,US-DIV01605,31.0,-92.0,-1.81
1962,US-DIV01605,31.0,-92.0,-0.68
1963,US-DIV01606,31.0,-91.0,-2.9
1964,US-DIV01606,31.0,-91.0,-1.98
1965,US-DIV01606,31.0,-91.0,-1.75
1966,US-DIV01607,30.0,-93.0,-2.93
1967,US-DIV01607,30.0,-93.0,-2.13
1968,US-DIV01607,30.0,-93.0,-1.88
1969,US-DIV01608,30.0,-92.0,-2.76
1970,US-DIV01608,30.0,-92.0,-2.01
1971,US-DIV01608,30.0,-92.0,-1.53
1972,US-DIV01609,30.0,-90.0,-2.7
1973,US-DIV01609,30.0,-90.0,-1.17
1974,US-DIV01609,30.0,-90.0,-0.83
1975,US-DIV01701,46.0,-69.0,-3.05
1976,US-DIV01701,46.0,-69.0,0.08
1977,US-DIV01701,46.0,-69.0,1.45
1978,US-DIV01702,45.0,-69.0,-3.31
1979,US-DIV01702,45.0,-69.0,0.58
1980,US-DIV01702,45.0,-69.0,1.96
1981,US-DIV01703,44.0,-70.0,-3.42
1982,US-DIV01703,44.0,-70.0,0.28
1983,US-DIV01703,44.0,-70.0,1.72
1984,US-DIV01801,38.0,-76.0,-1.89
1985,US-DIV01801,38.0,-76.0,-1.24
1986,US-DIV01801,38.0,-76.0,-0.05
1987,US-DIV01802,39.0,-76.0,-1.81
1988,US-DIV01802,39.0,-76.0,0.75
1989,US-DIV01802,39.0,-76.0,1.59
1990,US-DIV01803,39.0,-77.0,-1.64
1991,US-DIV01803,39.0,-77.0,0.68
1992,US-DIV01803,39.0,-77.0,1.47
1993,US-DIV01804,39.0,-77.0,-1.48
1994,US-DIV01804,39.0,-77.0,0.99
1995,US-DIV01804,39.0,-77.0,1.69
1996,US-DIV01805,39.0,-76.0,-1.45
1997,US-DIV01805,39.0,-76.0,0.87
1998,US-DIV01805,39.0,-76.0,1.57
1999,US-DIV01806,39.0,-77.0,-1.03
2000,US-DIV01806,39.0,-77.0,1.03
2001,US-DIV01806,39.0,-77.0,1.57
2002,US-DIV01807,39.0,-78.0,0.31
2003,US-DIV01807,39.0,-78.0,1.21
2004,US-DIV01808,40.0,-79.0,-0.78
2005,US-DIV01808,40.0,-79.0,0.08
2006,US-DIV01808,40.0,-79.0,0.54
2007,US-DIV01901,42.0,-73.0,-2.52
2008,US-DIV01901,42.0,-73.0,1.2
2009,US-DIV01901,42.0,-73.0,2.26
2010,US-DIV01902,42.0,-72.0,-3.28
2011,US-DIV01902,42.0,-72.0,0.98
2012,US-DIV01902,42.0,-72.0,2.32
2013,US-DIV01903,42.0,-71.0,-2.98
2014,US-DIV01903,42.0,-71.0,0.1
2015,US-DIV01903,42.0,-71.0,1.42
2016,US-DIV02001,46.0,-88.0,-3.1
2017,US-DIV02001,46.0,-88.0,-1.37
2018,US-DIV02002,46.0,-86.0,-2.15
2019,US-DIV02002,46.0,-86.0,-0.78
2020,US-DIV02003,45.0,-86.0,-2.63
2021,US-DIV02003,45.0,-86.0,-1.42
2022,US-DIV02004,45.0,-84.0,-2.2
2023,US-DIV02004,45.0,-84.0,-1.0
2024,US-DIV02005,44.0,-86.0,-2.4
2025,US-DIV02005,44.0,-86.0,-1.49
2026,US-DIV02006,44.0,-85.0,-1.23
2027,US-DIV02006,44.0,-85.0,-1.05
2028,US-DIV02006,44.0,-85.0,-0.48
2029,US-DIV02007,44.0,-83.0,-1.82
2030,US-DIV02007,44.0,-83.0,0.53
2031,US-DIV02007,44.0,-83.0,1.41
2032,US-DIV02008,42.0,-86.0,-1.92
2033,US-DIV02008,42.0,-86.0,-0.64
2034,US-DIV02008,42.0,-86.0,-0.0
2035,US-DIV02009,43.0,-85.0,-1.99
2036,US-DIV02009,43.0,-85.0,-0.66
2037,US-DIV02010,43.0,-83.0,-2.18
2038,US-DIV02010,43.0,-83.0,0.71
2039,US-DIV02010,43.0,-83.0,1.69
2040,US-DIV02101,48.0,-96.0,-4.34
2041,US-DIV02101,48.0,-96.0,-1.03
2042,US-DIV02102,48.0,-94.0,-4.58
2043,US-DIV02102,48.0,-94.0,-1.01
2044,US-DIV02103,48.0,-92.0,-2.14
2045,US-DIV02103,48.0,-92.0,-1.54
2046,US-DIV02103,48.0,-92.0,-0.99
2047,US-DIV02104,46.0,-96.0,-1.99
2048,US-DIV02104,46.0,-96.0,-0.85
2049,US-DIV02104,46.0,-96.0,-0.6
2050,US-DIV02105,45.0,-95.0,-4.18
2051,US-DIV02105,45.0,-95.0,-1.18
2052,US-DIV02106,46.0,-93.0,-2.93
2053,US-DIV02106,46.0,-93.0,-2.33
2054,US-DIV02106,46.0,-93.0,-0.26
2055,US-DIV02107,44.0,-96.0,-1.6
2056,US-DIV02107,44.0,-96.0,-0.72
2057,US-DIV02107,44.0,-96.0,-0.62
2058,US-DIV02108,44.0,-94.0,-3.24
2059,US-DIV02108,44.0,-94.0,-1.6
2060,US-DIV02109,44.0,-92.0,-3.54
2061,US-DIV02109,44.0,-92.0,-1.75
2062,US-DIV02201,34.0,-91.0,-1.74
2063,US-DIV02201,34.0,-91.0,-1.02
2064,US-DIV02201,34.0,-91.0,-0.86
2065,US-DIV02202,34.0,-90.0,-1.8
2066,US-DIV02202,34.0,-90.0,-1.21
2067,US-DIV02202,34.0,-90.0,-0.81
2068,US-DIV02203,35.0,-89.0,-1.7
2069,US-DIV02203,35.0,-89.0,-1.18
2070,US-DIV02203,35.0,-89.0,-0.69
2071,US-DIV02204,33.0,-91.0,-1.62
2072,US-DIV02204,33.0,-91.0,-0.81
2073,US-DIV02204,33.0,-91.0,-0.49
2074,US-DIV02205,33.0,-90.0,-2.03
2075,US-DIV02205,33.0,-90.0,-1.18
2076,US-DIV02205,33.0,-90.0,-0.4
2077,US-DIV02206,33.0,-89.0,-1.87
2078,US-DIV02206,33.0,-89.0,-1.27
2079,US-DIV02206,33.0,-89.0,-1.16
2080,US-DIV02207,32.0,-91.0,-2.72
2081,US-DIV02207,32.0,-91.0,-1.89
2082,US-DIV02207,32.0,-91.0,-1.43
2083,US-DIV02208,32.0,-90.0,-3.13
2084,US-DIV02208,32.0,-90.0,-2.75
2085,US-DIV02208,32.0,-90.0,-1.55
2086,US-DIV02209,32.0,-89.0,-2.45
2087,US-DIV02209,32.0,-89.0,-2.28
2088,US-DIV02209,32.0,-89.0,-1.98
2089,US-DIV02210,31.0,-89.0,-1.97
2090,US-DIV02210,31.0,-89.0,-1.66
2091,US-DIV02210,31.0,-89.0,-1.21
2092,US-DIV02301,40.0,-94.0,-2.35
2093,US-DIV02301,40.0,-94.0,-2.21
2094,US-DIV02302,39.0,-92.0,-3.11
2095,US-DIV02302,39.0,-92.0,-2.64
2096,US-DIV02303,38.0,-94.0,-3.23
2097,US-DIV02303,38.0,-94.0,-2.3
2098,US-DIV02304,37.0,-94.0,-2.08
2099,US-DIV02304,37.0,-94.0,-1.89
2100,US-DIV02305,37.0,-91.0,-3.11
2101,US-DIV02306,37.0,-90.0,-2.95
2102,US-DIV02306,37.0,-90.0,-0.98
2103,US-DIV02401,47.0,-114.0,-4.18
2104,US-DIV02401,47.0,-114.0,-0.76
2105,US-DIV02402,45.0,-112.0,-1.31
2106,US-DIV02402,45.0,-112.0,-0.92
2107,US-DIV02402,45.0,-112.0,0.61
2108,US-DIV02403,48.0,-110.0,-2.23
2109,US-DIV02403,48.0,-110.0,-2.01
2110,US-DIV02403,48.0,-110.0,0.36
2111,US-DIV02404,47.0,-110.0,-1.17
2112,US-DIV02404,47.0,-110.0,-0.73
2113,US-DIV02404,47.0,-110.0,0.69
2114,US-DIV02405,46.0,-109.0,-0.22
2115,US-DIV02405,46.0,-109.0,0.62
2116,US-DIV02405,46.0,-109.0,1.18
2117,US-DIV02406,48.0,-105.0,-0.83
2118,US-DIV02406,48.0,-105.0,-0.0
2119,US-DIV02406,48.0,-105.0,0.86
2120,US-DIV02407,46.0,-105.0,-0.86
2121,US-DIV02407,46.0,-105.0,-0.18
2122,US-DIV02501,42.0,-103.0,1.41
2123,US-DIV02501,42.0,-103.0,2.35
2124,US-DIV02502,42.0,-100.0,1.14
2125,US-DIV02502,42.0,-100.0,2.84
2126,US-DIV02503,42.0,-97.0,-2.12
2127,US-DIV02503,42.0,-97.0,-1.19
2128,US-DIV02503,42.0,-97.0,-0.99
2129,US-DIV02505,41.0,-99.0,-2.38
2130,US-DIV02505,41.0,-99.0,-1.65
2131,US-DIV02505,41.0,-99.0,-0.49
2132,US-DIV02506,41.0,-97.0,-4.63
2133,US-DIV02506,41.0,-97.0,-2.18
2134,US-DIV02507,41.0,-101.0,-1.3
2135,US-DIV02507,41.0,-101.0,-0.29
2136,US-DIV02507,41.0,-101.0,0.61
2137,US-DIV02508,40.0,-99.0,-2.58
2138,US-DIV02508,40.0,-99.0,-2.28
2139,US-DIV02508,40.0,-99.0,-0.27
2140,US-DIV02509,40.0,-97.0,-4.16
2141,US-DIV02509,40.0,-97.0,-1.86
2142,US-DIV02601,41.0,-119.0,0.51
2143,US-DIV02601,41.0,-119.0,0.83
2144,US-DIV02601,41.0,-119.0,2.11
2145,US-DIV02602,41.0,-116.0,1.49
2146,US-DIV02602,41.0,-116.0,2.09
2147,US-DIV02602,41.0,-116.0,2.43
2148,US-DIV02603,38.0,-117.0,2.11
2149,US-DIV02603,38.0,-117.0,2.17
2150,US-DIV02603,38.0,-117.0,3.14
2151,US-DIV02604,36.0,-116.0,0.74
2152,US-DIV02604,36.0,-116.0,1.56
2153,US-DIV02604,36.0,-116.0,2.24
2154,US-DIV02701,44.0,-72.0,-3.33
2155,US-DIV02701,44.0,-72.0,-0.11
2156,US-DIV02701,44.0,-72.0,1.35
2157,US-DIV02702,43.0,-72.0,-3.48
2158,US-DIV02702,43.0,-72.0,0.35
2159,US-DIV02702,43.0,-72.0,1.8
2160,US-DIV02801,41.0,-75.0,-1.64
2161,US-DIV02801,41.0,-75.0,1.72
2162,US-DIV02801,41.0,-75.0,2.44
2163,US-DIV02802,40.0,-75.0,-2.06
2164,US-DIV02802,40.0,-75.0,0.39
2165,US-DIV02802,40.0,-75.0,1.37
2166,US-DIV02803,40.0,-74.0,-2.26
2167,US-DIV02803,40.0,-74.0,1.07
2168,US-DIV02803,40.0,-74.0,2.05
2169,US-DIV02901,36.0,-108.0,-1.78
2170,US-DIV02901,36.0,-108.0,-1.43
2171,US-DIV02901,36.0,-108.0,-0.22
2172,US-DIV02902,36.0,-106.0,-2.48
2173,US-DIV02902,36.0,-106.0,-2.44
2174,US-DIV02902,36.0,-106.0,-0.21
2175,US-DIV02903,35.0,-104.0,-2.29
2176,US-DIV02903,35.0,-104.0,-1.71
2177,US-DIV02903,35.0,-104.0,-0.05
2178,US-DIV02904,34.0,-108.0,-1.75
2179,US-DIV02904,34.0,-108.0,-1.3
2180,US-DIV02904,34.0,-108.0,0.13
2181,US-DIV02905,34.0,-107.0,-2.76
2182,US-DIV02905,34.0,-107.0,-2.26
2183,US-DIV02905,34.0,-107.0,-0.28
2184,US-DIV02906,34.0,-106.0,-3.17
2185,US-DIV02906,34.0,-106.0,-1.01
2186,US-DIV02907,34.0,-104.0,-2.98
2187,US-DIV02907,34.0,-104.0,-0.88
2188,US-DIV02908,32.0,-107.0,-3.05
2189,US-DIV02908,32.0,-107.0,-2.97
2190,US-DIV02908,32.0,-107.0,-0.11
2191,US-DIV03001,42.0,-78.0,-2.25
2192,US-DIV03001,42.0,-78.0,-0.75
2193,US-DIV03002,42.0,-75.0,-2.61
2194,US-DIV03002,42.0,-75.0,1.04
2195,US-DIV03002,42.0,-75.0,2.14
2196,US-DIV03003,44.0,-75.0,-3.12
2197,US-DIV03003,44.0,-75.0,0.93
2198,US-DIV03003,44.0,-75.0,2.22
2199,US-DIV03004,41.0,-74.0,-2.28
2200,US-DIV03004,41.0,-74.0,0.56
2201,US-DIV03004,41.0,-74.0,1.59
2202,US-DIV03005,42.0,-74.0,-2.5
2203,US-DIV03005,42.0,-74.0,1.23
2204,US-DIV03005,42.0,-74.0,2.28
2205,US-DIV03006,43.0,-75.0,-2.97
2206,US-DIV03006,43.0,-75.0,0.73
2207,US-DIV03006,43.0,-75.0,1.98
2208,US-DIV03007,44.0,-74.0,-2.71
2209,US-DIV03007,44.0,-74.0,1.84
2210,US-DIV03007,44.0,-74.0,2.94
2211,US-DIV03008,45.0,-75.0,-2.26
2212,US-DIV03008,45.0,-75.0,-0.05
2213,US-DIV03008,45.0,-75.0,1.19
2214,US-DIV03009,43.0,-78.0,-2.7
2215,US-DIV03009,43.0,-78.0,-0.9
2216,US-DIV03010,43.0,-77.0,-2.54
2217,US-DIV03010,43.0,-77.0,-0.6
2218,US-DIV03010,43.0,-77.0,0.72
2219,US-DIV03101,36.0,-83.0,-2.32
2220,US-DIV03101,36.0,-83.0,-0.32
2221,US-DIV03101,36.0,-83.0,0.87
2222,US-DIV03102,36.0,-81.0,-2.08
2223,US-DIV03102,36.0,-81.0,0.52
2224,US-DIV03102,36.0,-81.0,1.49
2225,US-DIV03103,36.0,-79.0,-2.28
2226,US-DIV03103,36.0,-79.0,-0.15
2227,US-DIV03103,36.0,-79.0,0.99
2228,US-DIV03104,36.0,-80.0,-2.7
2229,US-DIV03104,36.0,-80.0,-0.54
2230,US-DIV03104,36.0,-80.0,0.8
2231,US-DIV03105,35.0,-81.0,-3.06
2232,US-DIV03105,35.0,-81.0,-0.97
2233,US-DIV03105,35.0,-81.0,0.59
2234,US-DIV03106,35.0,-79.0,-2.24
2235,US-DIV03106,35.0,-79.0,-1.04
2236,US-DIV03107,35.0,-78.0,-2.6
2237,US-DIV03107,35.0,-78.0,-1.22
2238,US-DIV03108,36.0,-77.0,-2.53
2239,US-DIV03108,36.0,-77.0,-2.04
2240,US-DIV03201,49.0,-102.0,-2.18
2241,US-DIV03201,49.0,-102.0,-0.78
2242,US-DIV03202,48.0,-100.0,-3.51
2243,US-DIV03202,48.0,-100.0,-1.13
2244,US-DIV03203,48.0,-98.0,-3.98
2245,US-DIV03203,48.0,-98.0,-1.28
2246,US-DIV03204,48.0,-102.0,-0.69
2247,US-DIV03204,48.0,-102.0,-0.42
2248,US-DIV03205,47.0,-99.0,-1.08
2249,US-DIV03205,47.0,-99.0,-0.84
2250,US-DIV03206,47.0,-98.0,-1.27
2251,US-DIV03206,47.0,-98.0,-0.69
2252,US-DIV03206,47.0,-98.0,-0.22
2253,US-DIV03207,47.0,-103.0,-0.87
2254,US-DIV03207,47.0,-103.0,-0.51
2255,US-DIV03208,47.0,-101.0,-0.13
2256,US-DIV03208,47.0,-101.0,1.35
2257,US-DIV03208,47.0,-101.0,1.93
2258,US-DIV03209,46.0,-98.0,-0.34
2259,US-DIV03209,46.0,-98.0,0.49
2260,US-DIV03209,46.0,-98.0,1.18
2261,US-DIV03301,41.0,-84.0,-2.39
2262,US-DIV03301,41.0,-84.0,-2.3
2263,US-DIV03301,41.0,-84.0,-1.74
2264,US-DIV03302,41.0,-83.0,-2.13
2265,US-DIV03302,41.0,-83.0,-0.71
2266,US-DIV03303,41.0,-81.0,-2.22
2267,US-DIV03303,41.0,-81.0,-1.45
2268,US-DIV03304,40.0,-84.0,-1.83
2269,US-DIV03304,40.0,-84.0,-1.66
2270,US-DIV03304,40.0,-84.0,-1.6
2271,US-DIV03305,40.0,-83.0,-1.55
2272,US-DIV03305,40.0,-83.0,-0.52
2273,US-DIV03305,40.0,-83.0,-0.0
2274,US-DIV03306,41.0,-82.0,-1.92
2275,US-DIV03306,41.0,-82.0,-0.92
2276,US-DIV03307,41.0,-81.0,-1.4
2277,US-DIV03307,41.0,-81.0,-0.47
2278,US-DIV03307,41.0,-81.0,-0.0
2279,US-DIV03308,39.0,-84.0,-1.69
2280,US-DIV03308,39.0,-84.0,-1.13
2281,US-DIV03308,39.0,-84.0,-0.38
2282,US-DIV03309,39.0,-83.0,-2.19
2283,US-DIV03309,39.0,-83.0,-1.62
2284,US-DIV03309,39.0,-83.0,-1.48
2285,US-DIV03310,40.0,-82.0,-2.11
2286,US-DIV03310,40.0,-82.0,-0.7
2287,US-DIV03401,37.0,-101.0,-0.3
2288,US-DIV03401,37.0,-101.0,1.87
2289,US-DIV03401,37.0,-101.0,2.07
2290,US-DIV03402,37.0,-98.0,-0.89
2291,US-DIV03402,37.0,-98.0,0.52
2292,US-DIV03402,37.0,-98.0,1.07
2293,US-DIV03403,37.0,-96.0,-1.07
2294,US-DIV03403,37.0,-96.0,-0.9
2295,US-DIV03403,37.0,-96.0,-0.53
2296,US-DIV03404,36.0,-99.0,-0.23
2297,US-DIV03404,36.0,-99.0,1.54
2298,US-DIV03404,36.0,-99.0,1.72
2299,US-DIV03405,36.0,-97.0,-0.35
2300,US-DIV03405,36.0,-97.0,0.85
2301,US-DIV03405,36.0,-97.0,1.17
2302,US-DIV03406,35.0,-95.0,-1.73
2303,US-DIV03406,35.0,-95.0,-0.58
2304,US-DIV03406,35.0,-95.0,-0.0
2305,US-DIV03407,35.0,-99.0,-0.24
2306,US-DIV03407,35.0,-99.0,-0.0
2307,US-DIV03407,35.0,-99.0,0.81
2308,US-DIV03408,34.0,-97.0,-1.1
2309,US-DIV03408,34.0,-97.0,-0.0
2310,US-DIV03408,34.0,-97.0,0.37
2311,US-DIV03409,34.0,-95.0,-2.01
2312,US-DIV03409,34.0,-95.0,-0.8
2313,US-DIV03501,44.0,-124.0,-1.35
2314,US-DIV03501,44.0,-124.0,-0.62
2315,US-DIV03501,44.0,-124.0,-0.43
2316,US-DIV03502,45.0,-123.0,-1.85
2317,US-DIV03502,45.0,-123.0,-1.12
2318,US-DIV03502,45.0,-123.0,-1.04
2319,US-DIV03503,43.0,-123.0,-1.13
2320,US-DIV03503,43.0,-123.0,-1.0
2321,US-DIV03503,43.0,-123.0,-0.44
2322,US-DIV03504,44.0,-122.0,-2.14
2323,US-DIV03504,44.0,-122.0,-1.95
2324,US-DIV03504,44.0,-122.0,-1.75
2325,US-DIV03505,43.0,-121.0,-1.4
2326,US-DIV03505,43.0,-121.0,-0.71
2327,US-DIV03505,43.0,-121.0,-0.42
2328,US-DIV03506,45.0,-120.0,-1.55
2329,US-DIV03506,45.0,-120.0,-0.91
2330,US-DIV03506,45.0,-120.0,-0.83
2331,US-DIV03507,43.0,-120.0,-1.33
2332,US-DIV03507,43.0,-120.0,-0.55
2333,US-DIV03507,43.0,-120.0,-0.09
2334,US-DIV03508,45.0,-118.0,-1.81
2335,US-DIV03508,45.0,-118.0,-1.59
2336,US-DIV03508,45.0,-118.0,-0.61
2337,US-DIV03509,43.0,-118.0,0.8
2338,US-DIV03509,43.0,-118.0,2.14
2339,US-DIV03601,41.0,-76.0,-1.14
2340,US-DIV03601,41.0,-76.0,2.72
2341,US-DIV03601,41.0,-76.0,3.22
2342,US-DIV03602,41.0,-76.0,-1.28
2343,US-DIV03602,41.0,-76.0,1.89
2344,US-DIV03602,41.0,-76.0,2.47
2345,US-DIV03603,40.0,-76.0,-1.7
2346,US-DIV03603,40.0,-76.0,0.63
2347,US-DIV03603,40.0,-76.0,1.45
2348,US-DIV03604,40.0,-77.0,-0.97
2349,US-DIV03604,40.0,-77.0,0.33
2350,US-DIV03604,40.0,-77.0,0.95
2351,US-DIV03605,41.0,-77.0,-1.37
2352,US-DIV03605,41.0,-77.0,1.35
2353,US-DIV03605,41.0,-77.0,1.99
2354,US-DIV03606,42.0,-77.0,-1.69
2355,US-DIV03606,42.0,-77.0,1.74
2356,US-DIV03606,42.0,-77.0,2.48
2357,US-DIV03607,41.0,-78.0,-1.58
2358,US-DIV03607,41.0,-78.0,0.63
2359,US-DIV03607,41.0,-78.0,1.41
2360,US-DIV03608,40.0,-78.0,-0.8
2361,US-DIV03608,40.0,-78.0,0.55
2362,US-DIV03608,40.0,-78.0,1.06
2363,US-DIV03609,40.0,-80.0,-1.56
2364,US-DIV03609,40.0,-80.0,-0.52
2365,US-DIV03610,42.0,-80.0,-1.91
2366,US-DIV03610,42.0,-80.0,-0.64
2367,US-DIV03610,42.0,-80.0,-0.0
2368,US-DIV03701,42.0,-72.0,-2.41
2369,US-DIV03701,42.0,-72.0,1.42
2370,US-DIV03701,42.0,-72.0,2.43
2371,US-DIV03801,35.0,-83.0,-1.9
2372,US-DIV03801,35.0,-83.0,-0.39
2373,US-DIV03801,35.0,-83.0,0.7
2374,US-DIV03802,35.0,-82.0,-1.93
2375,US-DIV03802,35.0,-82.0,-0.24
2376,US-DIV03802,35.0,-82.0,0.82
2377,US-DIV03803,35.0,-81.0,-2.07
2378,US-DIV03803,35.0,-81.0,-0.24
2379,US-DIV03803,35.0,-81.0,0.86
2380,US-DIV03804,34.0,-80.0,-1.71
2381,US-DIV03804,34.0,-80.0,-0.81
2382,US-DIV03805,34.0,-82.0,-1.56
2383,US-DIV03805,34.0,-82.0,-0.69
2384,US-DIV03806,34.0,-81.0,-1.28
2385,US-DIV03806,34.0,-81.0,0.06
2386,US-DIV03806,34.0,-81.0,0.95
2387,US-DIV03807,33.0,-81.0,0.2
2388,US-DIV03807,33.0,-81.0,1.17
2389,US-DIV03807,33.0,-81.0,1.59
2390,US-DIV03901,45.0,-103.0,-0.89
2391,US-DIV03901,45.0,-103.0,-0.81
2392,US-DIV03902,46.0,-100.0,-0.7
2393,US-DIV03902,46.0,-100.0,0.85
2394,US-DIV03902,46.0,-100.0,1.62
2395,US-DIV03903,46.0,-98.0,-0.7
2396,US-DIV03903,46.0,-98.0,0.35
2397,US-DIV03903,46.0,-98.0,1.11
2398,US-DIV03904,44.0,-104.0,1.25
2399,US-DIV03904,44.0,-104.0,1.85
2400,US-DIV03904,44.0,-104.0,1.97
2401,US-DIV03905,44.0,-102.0,0.74
2402,US-DIV03905,44.0,-102.0,2.5
2403,US-DIV03905,44.0,-102.0,2.54
2404,US-DIV03906,44.0,-100.0,0.42
2405,US-DIV03906,44.0,-100.0,1.79
2406,US-DIV03907,45.0,-98.0,0.11
2407,US-DIV03907,45.0,-98.0,1.14
2408,US-DIV03907,45.0,-98.0,1.17
2409,US-DIV03908,43.0,-100.0,1.04
2410,US-DIV03908,43.0,-100.0,4.25
2411,US-DIV03909,44.0,-98.0,-0.33
2412,US-DIV03909,44.0,-98.0,1.01
2413,US-DIV03909,44.0,-98.0,1.27
2414,US-DIV04001,36.0,-84.0,-1.49
2415,US-DIV04001,36.0,-84.0,-1.08
2416,US-DIV04001,36.0,-84.0,-1.01
2417,US-DIV04002,36.0,-86.0,-1.75
2418,US-DIV04002,36.0,-86.0,-1.18
2419,US-DIV04002,36.0,-86.0,-0.68
2420,US-DIV04003,36.0,-87.0,-2.09
2421,US-DIV04003,36.0,-87.0,-1.76
2422,US-DIV04003,36.0,-87.0,-0.7
2423,US-DIV04004,36.0,-89.0,-1.29
2424,US-DIV04004,36.0,-89.0,-0.75
2425,US-DIV04004,36.0,-89.0,-0.58
2426,US-DIV04101,34.0,-102.0,-1.97
2427,US-DIV04101,34.0,-102.0,-1.17
2428,US-DIV04101,34.0,-102.0,-0.79
2429,US-DIV04102,33.0,-100.0,-1.59
2430,US-DIV04102,33.0,-100.0,-0.79
2431,US-DIV04102,33.0,-100.0,-0.51
2432,US-DIV04103,32.0,-98.0,-1.49
2433,US-DIV04103,32.0,-98.0,-0.9
2434,US-DIV04103,32.0,-98.0,-0.28
2435,US-DIV04104,32.0,-95.0,-1.49
2436,US-DIV04104,32.0,-95.0,-1.04
2437,US-DIV04104,32.0,-95.0,-0.05
2438,US-DIV04105,31.0,-104.0,-3.69
2439,US-DIV04105,31.0,-104.0,-1.58
2440,US-DIV04106,31.0,-100.0,-3.25
2441,US-DIV04106,31.0,-100.0,-1.21
2442,US-DIV04107,29.0,-98.0,-2.0
2443,US-DIV04107,29.0,-98.0,-0.83
2444,US-DIV04107,29.0,-98.0,-0.81
2445,US-DIV04108,29.0,-96.0,-1.9
2446,US-DIV04108,29.0,-96.0,-0.91
2447,US-DIV04108,29.0,-96.0,-0.61
2448,US-DIV04109,28.0,-99.0,-1.78
2449,US-DIV04109,28.0,-99.0,-1.14
2450,US-DIV04109,28.0,-99.0,-0.65
2451,US-DIV04110,26.0,-98.0,-0.87
2452,US-DIV04110,26.0,-98.0,0.51
2453,US-DIV04110,26.0,-98.0,0.57
2454,US-DIV04201,40.0,-113.0,1.04
2455,US-DIV04201,40.0,-113.0,1.71
2456,US-DIV04201,40.0,-113.0,2.54
2457,US-DIV04202,37.0,-113.0,0.49
2458,US-DIV04202,37.0,-113.0,1.08
2459,US-DIV04202,37.0,-113.0,1.82
2460,US-DIV04203,41.0,-112.0,0.45
2461,US-DIV04203,41.0,-112.0,1.35
2462,US-DIV04204,38.0,-112.0,-1.5
2463,US-DIV04204,38.0,-112.0,-1.39
2464,US-DIV04204,38.0,-112.0,0.07
2465,US-DIV04205,41.0,-111.0,0.87
2466,US-DIV04205,41.0,-111.0,2.56
2467,US-DIV04206,40.0,-110.0,-1.37
2468,US-DIV04206,40.0,-110.0,-0.88
2469,US-DIV04206,40.0,-110.0,0.89
2470,US-DIV04207,38.0,-110.0,-1.32
2471,US-DIV04207,38.0,-110.0,-1.2
2472,US-DIV04207,38.0,-110.0,0.08
2473,US-DIV04301,44.0,-73.0,-3.41
2474,US-DIV04301,44.0,-73.0,-0.29
2475,US-DIV04301,44.0,-73.0,1.22
2476,US-DIV04302,44.0,-73.0,-2.92
2477,US-DIV04302,44.0,-73.0,0.45
2478,US-DIV04302,44.0,-73.0,1.7
2479,US-DIV04303,43.0,-73.0,-3.32
2480,US-DIV04303,43.0,-73.0,0.44
2481,US-DIV04303,43.0,-73.0,1.83
2482,US-DIV04401,37.0,-77.0,-1.59
2483,US-DIV04401,37.0,-77.0,-0.16
2484,US-DIV04401,37.0,-77.0,0.78
2485,US-DIV04402,37.0,-78.0,-1.68
2486,US-DIV04402,37.0,-78.0,0.42
2487,US-DIV04402,37.0,-78.0,1.26
2488,US-DIV04403,37.0,-79.0,-1.69
2489,US-DIV04403,37.0,-79.0,0.38
2490,US-DIV04403,37.0,-79.0,1.23
2491,US-DIV04404,39.0,-78.0,-1.27
2492,US-DIV04404,39.0,-78.0,0.19
2493,US-DIV04404,39.0,-78.0,0.94
2494,US-DIV04405,38.0,-80.0,-1.55
2495,US-DIV04405,38.0,-80.0,-0.25
2496,US-DIV04405,38.0,-80.0,0.71
2497,US-DIV04406,37.0,-82.0,-1.5
2498,US-DIV04406,37.0,-82.0,-1.13
2499,US-DIV04406,37.0,-82.0,-0.59
2500,US-DIV04501,47.0,-124.0,-2.79
2501,US-DIV04501,47.0,-124.0,-1.57
2502,US-DIV04502,48.0,-124.0,-3.45
2503,US-DIV04502,48.0,-124.0,-1.64
2504,US-DIV04503,48.0,-122.0,-2.78
2505,US-DIV04503,48.0,-122.0,-2.35
2506,US-DIV04503,48.0,-122.0,-1.43
2507,US-DIV04504,47.0,-123.0,-2.66
2508,US-DIV04504,47.0,-123.0,-2.65
2509,US-DIV04504,47.0,-123.0,-2.2
2510,US-DIV04505,47.0,-121.0,-3.09
2511,US-DIV04505,47.0,-121.0,-2.79
2512,US-DIV04506,47.0,-121.0,-3.31
2513,US-DIV04506,47.0,-121.0,-2.67
2514,US-DIV04507,48.0,-120.0,-0.65
2515,US-DIV04507,48.0,-120.0,-0.34
2516,US-DIV04507,48.0,-120.0,-0.0
2517,US-DIV04508,47.0,-120.0,-0.63
2518,US-DIV04508,47.0,-120.0,-0.0
2519,US-DIV04508,47.0,-120.0,0.45
2520,US-DIV04509,48.0,-118.0,-1.53
2521,US-DIV04509,48.0,-118.0,-1.24
2522,US-DIV04509,48.0,-118.0,-0.14
2523,US-DIV04510,47.0,-118.0,-2.61
2524,US-DIV04510,47.0,-118.0,-0.5
2525,US-DIV04601,40.0,-81.0,-2.1
2526,US-DIV04601,40.0,-81.0,-0.38
2527,US-DIV04601,40.0,-81.0,0.76
2528,US-DIV04602,39.0,-81.0,-0.52
2529,US-DIV04602,39.0,-81.0,-0.0
2530,US-DIV04602,39.0,-81.0,0.41
2531,US-DIV04603,38.0,-82.0,-1.9
2532,US-DIV04603,38.0,-82.0,-1.43
2533,US-DIV04603,38.0,-82.0,-0.08
2534,US-DIV04604,38.0,-80.0,-0.74
2535,US-DIV04604,38.0,-80.0,-0.35
2536,US-DIV04604,38.0,-80.0,-0.0
2537,US-DIV04605,37.0,-82.0,-1.35
2538,US-DIV04605,37.0,-82.0,-1.3
2539,US-DIV04605,37.0,-82.0,-0.98
2540,US-DIV04606,39.0,-79.0,-1.1
2541,US-DIV04606,39.0,-79.0,-0.33
2542,US-DIV04606,39.0,-79.0,0.16
2543,US-DIV04701,46.0,-92.0,-3.16
2544,US-DIV04701,46.0,-92.0,-0.71
2545,US-DIV04702,46.0,-90.0,-3.3
2546,US-DIV04702,46.0,-90.0,-1.07
2547,US-DIV04703,45.0,-88.0,-2.79
2548,US-DIV04703,45.0,-88.0,-1.2
2549,US-DIV04704,44.0,-91.0,-2.65
2550,US-DIV04704,44.0,-91.0,-0.8
2551,US-DIV04705,44.0,-90.0,-2.62
2552,US-DIV04705,44.0,-90.0,-1.24
2553,US-DIV04706,44.0,-88.0,-2.31
2554,US-DIV04706,44.0,-88.0,-1.15
2555,US-DIV04707,43.0,-90.0,-3.94
2556,US-DIV04707,43.0,-90.0,-1.81
2557,US-DIV04708,43.0,-89.0,-2.77
2558,US-DIV04708,43.0,-89.0,-1.19
2559,US-DIV04709,43.0,-88.0,-1.48
2560,US-DIV04709,43.0,-88.0,-1.23
2561,US-DIV04709,43.0,-88.0,-1.03
2562,US-DIV04801,45.0,-110.0,-0.63
2563,US-DIV04801,45.0,-110.0,0.46
2564,US-DIV04801,45.0,-110.0,0.66
2565,US-DIV04802,44.0,-110.0,-0.0
2566,US-DIV04802,44.0,-110.0,0.57
2567,US-DIV04802,44.0,-110.0,1.71
2568,US-DIV04803,42.0,-110.0,0.36
2569,US-DIV04803,42.0,-110.0,1.15
2570,US-DIV04803,42.0,-110.0,1.28
2571,US-DIV04804,44.0,-108.0,1.39
2572,US-DIV04804,44.0,-108.0,3.36
2573,US-DIV04805,44.0,-106.0,-0.1
2574,US-DIV04805,44.0,-106.0,0.21
2575,US-DIV04805,44.0,-106.0,1.66
2576,US-DIV04806,44.0,-105.0,-0.73
2577,US-DIV04806,44.0,-105.0,-0.41
2578,US-DIV04806,44.0,-105.0,0.73
2579,US-DIV04807,43.0,-105.0,-0.62
2580,US-DIV04807,43.0,-105.0,-0.0
2581,US-DIV04807,43.0,-105.0,0.32
2582,US-DIV04808,42.0,-105.0,-0.56
2583,US-DIV04808,42.0,-105.0,-0.0
2584,US-DIV04808,42.0,-105.0,0.84
2585,US-DIV04809,43.0,-109.0,3.02
2586,US-DIV04809,43.0,-109.0,4.9
2587,US-DIV04810,42.0,-107.0,0.53
2588,US-DIV04810,42.0,-107.0,1.5
2589,US-DIV04810,42.0,-107.0,1.6
2590,USC00502107,65.0,-148.0,-1.24
2591,USC00502107,65.0,-148.0,-1.09
2592,USC00502107,65.0,-148.0,-1.07
2593,USC00502607,65.0,-141.0,-0.92
2594,USC00502607,65.0,-141.0,5.65
2595,USC00502607,65.0,-141.0,6.04
2596,USC00506581,65.0,-147.0,-1.46
2597,USC00506581,65.0,-147.0,-1.17
2598,USW00025309,58.0,-135.0,-0.84
2599,USW00025309,58.0,-135.0,4.54
2600,USW00025309,58.0,-135.0,4.91
2601,USW00025325,55.0,-132.0,-3.58
2602,USW00025325,55.0,-132.0,-1.19
2603,USW00025339,60.0,-140.0,-1.22
2604,USW00025339,60.0,-140.0,-1.16
2605,USW00025339,60.0,-140.0,-0.82
2606,USW00025501,58.0,-152.0,0.81
2607,USW00025501,58.0,-152.0,2.42
2608,USW00025503,59.0,-157.0,4.54
2609,USW00025503,59.0,-157.0,4.64
2610,USW00025624,55.0,-163.0,1.13
2611,USW00025624,55.0,-163.0,1.8
2612,USW00025713,57.0,-170.0,1.14
2613,USW00025713,57.0,-170.0,2.0
2614,USW00026411,65.0,-148.0,-0.88
2615,USW00026411,65.0,-148.0,-0.64
2616,USW00026411,65.0,-148.0,0.7
2617,USW00026451,61.0,-150.0,1.14
2618,USW00026451,61.0,-150.0,7.55
2619,USW00026533,67.0,-152.0,-0.03
2620,USW00026533,67.0,-152.0,2.6
2621,USW00026533,67.0,-152.0,2.73
2622,USW00026615,61.0,-162.0,3.1
2623,USW00026615,61.0,-162.0,5.08
2624,USW00026616,67.0,-163.0,3.1
2625,USW00026616,67.0,-163.0,8.74
2626,USW00026617,65.0,-165.0,0.8
2627,USW00026617,65.0,-165.0,5.65
2628,USW00027502,71.0,-157.0,3.01
2629,USW00027502,71.0,-157.0,6.42
2630,0,73.5,-164.2,0.0
2631,0,75.2,-148.4,0.0
2632,0,79.52,-121.6,0.0
2633,0,80.6,-100.4,0.0
2634,0,77.4,-73.2,0.0
2635,0,73.1,-55.0,0.0
2636,0,59.5,-44.3,0.0
2637,0,46.1,-43.5,0.0
2638,0,24.4,-65.2,0.0
2639,0,17.5,-85.7,0.0
2640,0,16.1,-110.6,0.0
2641,0,27.6,-133.1,0.0
2642,0,48.0,-144.3,0.0
2643,0,47.3,-174.4,0.0
2644,0,63.3,-174.5,0.0
2645,0,73.6,-172.9,0.0
2646,0,71.5,-132.7,0.0
2647,0,66.2,-78.7,0.0
2648,0,57.5,-58.7,0.0
2649,0,46.9,-49.5,0.0
2650,0,71.0,-114.0,0.0
2651,0,68.72,-94.88,0.0
2652,0,68.47,-105.25,0.0
2653,0,68.156,-150.5,0.0
2654,0,69.0,-143.5,0.0
